tmdb_id,youtube_key,trailer_name,trailer_type
910850,pD7eBqTy__E,Official Trailer,Trailer
1233413,l2h2lC0vlX4,Black American Sign Language Official Trailer,Trailer
1279493,oB6HNuKxLmo,The Get Out | Official Trailer (HD) | Vertical,Trailer
11782,N_XBwks_MB8,Official Trailer [Subtitled],Trailer
533514,BUfSen2rYQs,Official Trailer [English Subtitles],Trailer
3082,NNznUyDmSFc,Modern Times (1936) ORIGINAL TRAILER [HD 1080p],Trailer
13,Mj9IA9tTfio,Official 25th Anniversary Trailer,Trailer
299534,TcMBFSGVi1c,Official Trailer 2,Trailer
1185806,xgI5iYmOf5Q,Official Trailer,Trailer
299536,QwievZ1Tx-8,Official Trailer,Trailer
1732625,xcxi10laLUQ,Official Trailer,Trailer
372754,wFQTncSyukA,Doukyusei (Classmates) Movie Trailer 2,Trailer
1318413,urSij5ZVhBc,Official US Trailer,Trailer
1280015,-W_a2oCFNOY,Official US Trailer,Trailer
77338,dvdJ--DV0Uo,Official Trailer,Trailer
539,D90QhegiVvo,Official Reissue Trailer,Trailer
28,9l-ViOOFH-s,Final Cut Official Trailer,Trailer
445466,UoAf0LNAn30,Official Trailer,Trailer
614945,9mi3YVYm3ZU,Official Trailer,Trailer
1594914,vtEnjikCXyA,Official Trailer,Trailer
1102883,EE3KU_YT3_c,Official Trailer 2,Trailer
1088548,NUvdMKtFXBw,Official UK & IRE Trailer [Subtitled],Trailer
652837,w6IsHL91aXo,Official Trailer [Subtitled],Trailer
550,dfeUzm6KF4g,20th Anniversary Trailer,Trailer
1116201,7qRf_f_bbUk,Official Trailer,Trailer
1621552,Rk0efhpa-5Y,"FACING EL CHAPO Official Trailer (2026) Netflix | Alfonso Herrera, Noé Hernández 🚨",Trailer
1321008,y-nf8hUFd98,Official Trailer,Trailer
244786,Q7kZy3T6vRM,10th Anniversary Rerelease Official Trailer,Trailer
1585,6jB4Vsi1UUM,Park Circus Official trailer,Trailer
696374,kgWFjmiqHmQ,Gabriel's Inferno - Official Trailer (PASSIONFLIX),Trailer
567,iZOTTxwzyMU,REAR WINDOW ('54) - Re-issue Trailer,Trailer
1165366,cvMHOrYgYSw,De Gaulle: Resistance - Trailer,Trailer
687163,5VYsnngkS_U,Official Trailer 2,Trailer
18491,J8t48KMGCo4,Official Trailer [Subtitled],Trailer
1430077,jP2nDyQWBOU,Official Trailer,Trailer
1248832,qORTe1wW3Wg,Official Trailer,Trailer
1232449,1aCTG9HplF8,Official US Trailer [Subtitled],Trailer
1290821,auHiLFjaIc0,Shelter | Official Trailer | Only In Theaters January 30,Trailer
1417285,2PcdIYB32AI,ราคี THE STAIN | Official Trailer,Trailer
1101383,3oB9AxspVow,Official Trailer,Trailer
27205,JE9z-gy4De4,Official New UK Trailer,Trailer
73,el6JxnW2Tyg,American History X (1998) Original Trailer [HD],Trailer
1305672,Kpf7-Gqf25Q,I KNOW WHO YOU ARE | ANZ TRAILER | 09 JULY,Trailer
29259,g2Sbo6JpDsY,LE TROU - Trailer,Trailer
1003596,irVNGjRFZGk,Official Trailer,Trailer
83533,nb_fFj_0rq8,Official Trailer,Trailer
1476682,GEbaLieo_Kw,Official Trailer,Trailer
1477712,Cgw3zNmFtRo,Official International Trailer,Trailer
598,dcUOO4Itgmw,Official Trailer,Trailer
599,ZQWqIA1-kvA,75th Anniversary Trailer,Trailer
1283671,zWQUztI-v58,PEAK EVERYTHING Trailer | TIFF 2025,Trailer
603,FVI84Dfx2-I,Official 25th Anniversary Trailer #3,Trailer
1308767,LJek-kc384w,Official Trailer,Trailer
1061474,MikgqM0LXr4,Official American Sign Language Trailer,Trailer
1101412,Krs0VDIjhmE,Official Trailer 2,Trailer
101,DD-6bmOY__g,30 Year Anniversary 4K Restoration - Official Trailer,Trailer
1504358,bvWqHSFkO5s,Official Trailer,Trailer
1368166,ZvFmElCcKVg,Official Trailer 2,Trailer
103,S7ORyD-e7-0,Official 40th Anniversary Reissue Trailer,Trailer
105,C-4Pr9kBtGc,Official Digital Remaster Trailer,Trailer
615,ezOafmA21NY,Official Trailer ‘Fathom Screening Event’,Trailer
9323,8RF09G8Ymqg,Official IMAX Trailer,Trailer
1400940,OGO4Mqvo3jI,Official Trailer,Trailer
770156,bu2yPlLTfZ8,Lucy Shimmers and the Prince Of Peace - Trailer,Trailer
1226863,FdL2GorGdKc,Official Trailer,Trailer
1266800,SnpewAcDAzs,Desert Child Trailer,Trailer
9327,FFVbS0qm0TI,The Nutty Professor - Trailer,Trailer
496243,bM9QabAojCg,B&W Version Official Australian Trailer [Subtitled],Trailer
1401459,0gdRZZVoinM,Trailer [Subtitled],Trailer
120,_nZdmwHrcnw,Official Trailer,Trailer
121,nuTU5XcZTLA,4K Ultra HD,Trailer
122,zckJCxYxn1g,4K Trailer,Trailer
724089,5g02v1oz5Y0,Gabriel’s Inferno Part II - Official Trailer (PASSIONFLIX),Trailer
637,pAYEQP8gx3w,Life is Beautiful (1998) Official Trailer - Robert Benigni Movie HD,Trailer
1058424,mYRc2Gl7geY,Official Trailer [Subtitled],Trailer
1481343,2bp4Viru6Xc,Official Trailer,Trailer
128,I1dHzoRl0sQ,4K Restoration Official Trailer,Trailer
1432706,oNicMCoARSg,Bury the Devil | Official Trailer | Horror Brains,Trailer
129,GAp2_0JJskk,Official Trailer [Subtitled],Trailer
936075,mbtgEE6rkxw,Official Trailer,Trailer
1007757,glgmAwRDP8s,Official Trailer,Trailer
149,Jq4ER-P6NCQ,AKIRA returns in 4K to UK cinemas 17th April,Trailer
1184918,njPNg0A9VpY,Official Trailer 2,Trailer
157336,LY19rHKAaAg,Trailer 4,Trailer
1516698,NhI2UpkFAFw,Official Trailer,Trailer
155,jXAYAN6jO5k,Official Trailer 3,Trailer
12444,Su1LOpjvdZ4,Main Trailer,Trailer
12445,kwM3kN8PNOc,Official Trailer #2,Trailer
1287322,hSHwFDPfeV8,Official Trailer,Trailer
671,l91Km49W9qI,Official Trailer,Trailer
40096,wDVdgnhiNlY,O Auto da Compadecida - A Dog's Will  TRAILER subtitled in English - link to film in the description,Trailer
92321,qXLSRH31Yao,映画『蛍火の杜へ』予告編,Trailer
672,nE11U5iBnH0,Official Trailer,Trailer
674,4xkFJgcCQRE,UK Trailer,Trailer
673,VwErvYgoH70,Harry Potter and the Prisoner of Azkaban - Warner Bros. UK,Trailer
675,47PHbQTmw5g,Trailer,Trailer
1325734,6zmKcUa4Xxk,Official Trailer,Trailer
680,tGpTpVyI_OQ,Official Trailer,Trailer
1430698,aqRoxJdq1i4,Official Trailer,Trailer
1081003,s1-pfiVMKAs,Official Trailer,Trailer
1281195,GxxEPboV94c,TRULY NAKED international trailer,Trailer
1393326,otL78_pk_A0,Ghost in the Cell - Official Trailer,Trailer
1170608,NdvqHc56lE0,Official Trailer,Trailer
1314481,e9HXmMnUEdE,Official Trailer,Trailer
1470130,YtY6JoPX5MU,Official Trailer,Trailer
1232569,_VHIU9dIAWQ,Official Trailer,Trailer
1439930,oSeqs_xeqv4,Official Trailer,Trailer
1422011,zFszhQLMNXU,Official Trailer,Trailer
12477,lhlh7JVcTt8,Official Netflix Trailer,Trailer
1480382,JkeKrG0YONQ,Official Trailer [Subtitled],Trailer
1480387,1_TRSEcMvR0,Official Trailer 2,Trailer
3782,geKhyNerWM8,Ikiru (1952) Original Trailer [4K],Trailer
14537,gfABwM-Ppng,Trailer,Trailer
1327819,PypDSyIRRSs,Official Trailer,Trailer
12493,ELsgPvgDBoY,High and Low (1963) Original Trailer [4K],Trailer
207,s_jsDreXFZU,Dead Poets Society (1989) Trailer Full HD,Trailer
378064,TQK9By9qQiw,Official English Trailer,Trailer
1669841,DKKZ10FsSBM,Official Trailer | BLEACH: Thousand-Year Blood War – The Calamity in Theatres June 25 | VIZ,Trailer
1341138,9p7j3UvpEQQ,Official Trailer,Trailer
414419,qbUz68h9BFo,Official Trailer,Trailer
620249,NC9M8QYRZpE,The Legend Of Hei (2021) - Official Blu-ray Trailer (HD),Trailer
1242332,5OndK0w1lYY,Official Trailer,Trailer
761053,mjPUGem9SaY,Gabriel's Inferno Part III - Official Trailer (PASSIONFLIX),Trailer
999136,jbbaNL6rfEc,Official Trailer,Trailer
1538273,lS7tNjHwT1o,Pyaar Prema Kaadhal | Trailer HINDI,Trailer
1280738,Avky8dVaqAI,Official Trailer,Trailer
1481955,veE582n6pwE,Official UK Trailer [Subtitled],Trailer
1688804,7ZDSYBkcH2U,Official Trailer,Trailer
1465063,f7mFVeWnVLw,Official New Trailer,Trailer
1397485,ZC1kEknG2ro,Official Trailer,Trailer
238,Ew9ngL1GZvs,50th Anniversary Trailer,Trailer
240,7pfqivkYUlE,50th Anniversary Franchise Trailer,Trailer
964849,dWePsu_Kd9c,Official Trailer,Trailer
1612018,sNwzFhGwA94,Official Trailer,Trailer
1330421,mQy7BuW-R6c,Official Trailer,Trailer
1304313,XJ0uv-phsDk,Official Trailer,Trailer
324857,tg52up16eq0,Official Trailer #2,Trailer
1288445,2Iqvbe98Gb4,Official UK Trailer,Trailer
10494,RrWausp8zDQ,Remastered - Official 4K Trailer [Subtitled],Trailer
767,tAiy66Xrsz4,Official Trailer,Trailer
769,PTBRNXGQR9Q,BFI Re-Release Trailer,Trailer
569094,shW9i6k8cB0,Official Trailer #2,Trailer
1356039,pEO34SeTsY0,Official Trailer [Subtitled],Trailer
950028,nelkiuezJxg,Official Trailer 2,Trailer
1122573,nufP15iN4GE,Official Trailer,Trailer
1404684,vZtK0AdeXk8,Trailer [Subtitled],Trailer
1368337,AyIZ9tiiN8I,Official Countdown Trailer,Trailer
274,6iB21hsprAQ,Official Trailer,Trailer
278,PLl99DlL6b4,Official Trailer,Trailer
1433367,AvKoSR3O4NQ,Official Trailer,Trailer
1384216,-xSxaE1ClEE,Official Trailer,Trailer
280,lwSysg9o7wE,New Trailer -  Official (2015),Trailer
42269,GFaFeuPep5w,We All Loved Each Other So Much (1974) - Trailer,Trailer
630566,OWEgUhWU4g4,Official Trailer,Trailer
807,KPOuJGkpblk,Official 4K Trailer,Trailer
1339175,7dujBWLtscc,The Birthday Party | Official Trailer,Trailer
1140521,PAUEwUhAjzg,Official Trailer,Trailer
1340206,HYxzyLVJORA,Tuner - OFFICIAL TRAILER,Trailer
1124142,GwSvAyaMGMo,Official Trailer,Trailer
1440050,19PLc6hpTvA,Official Trailer,Trailer
1242419,GXecSGmQDEI,Official Trailer,Trailer
1383731,MJm_msj9BDU,Official Trailer,Trailer
1311031,VCC958XvXpA,Official Trailer Dub,Trailer
311,LcpCRyNo8T8,"Once Upon a Time in America (1984) Official Trailer #1 - Robert De Niro, James Woods Gangster Drama",Trailer
1240889,j9TsiTgYZGw,Official Vertical Trailer,Trailer
1213243,EfluEyQ5QIA,Official English Trailer,Trailer
1339713,gMC8kkwbIQQ,Official Trailer,Trailer
4935,2x5SejvTMeA,Official Trailer [Subtitled],Trailer
1291595,jxU8FU3o75A,Official Trailer,Trailer
335,Yw-Av9BpC-w,Trailer,Trailer
1084242,sEgPQ7HKoBA,International Trailer,Trailer
1084244,c51ND9Hdbw0,Official Trailer,Trailer
1418582,Xh2_PnOoAS0,Here the Whole Time – Official Trailer | Netflix,Trailer
1423191,mNd1gb19A-c,Official Trailer,Trailer
1413976,0ww8snVKe0A,Official Trailer,Trailer
372058,RuyHIkXdYf8,Official Trailer [Subtitled],Trailer
1212763,TnHby2cxJzs,Official Trailer,Trailer
346,fRUsjrkGs_A,Official 4K Restoration Trailer [Subtitled],Trailer
1246049,hverb7siYJ8,Official US Trailer,Trailer
1440098,WlGzP8FvsfY,Official Trailer [Subtitled],Trailer
1891,e0QkbuRaEDc,Empire Strikes Back (1980) Original Scope Theatrical Trailer [FTD-0160],Trailer
820067,maS5nHFa1o8,Official Trailer [Subtitled],Trailer
1330021,b14IFe4an5k,Official Trailer,Trailer
822119,QUYZjYULUAA,Official IMAX Trailer,Trailer
1218925,tAzAhDNdehs,Official Trailer [Subtitled],Trailer
1284465,tlSDDuWxO_0,Official Trailer,Trailer
1497970,VBPlpfK6zXg,Official Trailer,Trailer
1064307,a9qxc6AWdPg,Official Trailer 1,Trailer
1302904,Ho10_4IX1jE,Official Trailer,Trailer
1329016,k1MVnzd2aVc,Official Trailer,Trailer
1288059,q5oWCPS3akw,Official Trailer (4K),Trailer
1671548,abeSQSbNXSk,Official US Trailer [Subtitled],Trailer
822653,g0CsWEIb6D4,Official Trailer 3 [Subtitled],Trailer
644479,hU2DASqjvi4,Tráiler Final | Dedicada a mi Ex,Trailer
1275779,SCYT8vb2siQ,Official Trailer,Trailer
1273221,0fZ58S-7QP0,Official Trailer,Trailer
389,TEN-2uTi2c0,Official Trailer,Trailer
1159559,UJrghaPJ0RY,Official Trailer,Trailer
1058694,BXcGgvAKC1Q,Official Trailer [Subtitled],Trailer
901,7vl7F8S4cpQ,City Lights (1931) Trailer #1 | Movieclips Classic Trailers,Trailer
8587,_YZ9qZSIjo0,Official Blu-ray Trailer,Trailer
1139087,JuQrVla3TTk,Official Trailer,Trailer
914,i1C6qZVeFtA,Original Trailer,Trailer
1545621,qgn49U52AU0,UK Official Trailer [Subtitled],Trailer
1493400,02-RDIZ5Rdw,Trailer,Trailer
920,bOs0p2E4sZw,Trailer #1,Trailer
1432474,5mtbOhpqroo,Official Trailer,Trailer
1375646,LW6dpj1uCK8,International Trailer,Trailer
1469342,C7E-0t1TfzM,Official Trailer,Trailer
1263012,aHAwgnJL78Y,Official Trailer,Trailer
1228710,IHWlvwu8t1w,Official Trailer,Trailer
423,og9hFxxdSOg,4K Restoration Trailer,Trailer
424,v0RB-3sWbBA,Official Theatrical Trailer,Trailer
1301421,826SRt1CFbg,Official Trailer 2,Trailer
429,WCnRSl24FPA,Official Sizzle,Trailer
1284016,-faiHUsbP_U,Official International Trailer,Trailer
1401778,qbJt-u9L7cA,Official UK Trailer,Trailer
1632181,tsjsPgnCM2U,Official Trailer,Trailer
1315772,ZSdOwt-G49w,Official Trailer,Trailer
1130948,rmHD9gZbF7A,Official Trailer,Trailer
1564614,WXuK0vlFxII,Official Trailer,Trailer
1204680,H-43VeYGiPM,Official Trailer,Trailer
1284041,MLxgaz2Zp1k,Official Trailer,Trailer
986056,7rs_HhSA7XY,Buy It on Digital July 1 and Own It On Blu-Ray July 29,Trailer
1108427,n7f6hlKsxxo,Official Trailer,Trailer
19404,oIZ4U21DRlM,25 Years Weeks Trailer,Trailer
980431,7b20GRFZBFE,Official Trailer,Trailer
11216,JMyVSD6OvO8,Cinema Paradiso Official Trailer,Trailer
969681,8TZMtslA3UY,Official Trailer,Trailer
975,FESvZ0HG2p4,Official Trailer,Trailer
1214931,YWlCCVnZ4bo,Final Official Trailer #2,Trailer
1507796,od_S8t86F0M,On The Sea UK trailer,Trailer
931285,qGyIEis2T2o,Official American Sign Language Trailer,Trailer
1377237,B6Z9MM1LhEA,UK Trailer,Trailer
1127384,f0ptq0Lzdh8,Official Trailer,Trailer
87513,t6RklhKu9os,Official Trailer,Trailer
637920,bDAkHkR6fwA,Miracle in Cell No. 7 Trailer (English Subtitles),Trailer
791523,dtr5JL1zkiM,Official Trailer,Trailer
1300968,fS35YSjopjE,Official Trailer,Trailer
1307118,DF9I1wLlXbk,Watch At Home on 8/1,Trailer
454639,rJSmz-zhDxE,Official Final Trailer,Trailer
497,Bg7epsq0OIQ,Official Trailer,Trailer
1083381,0HjdiohVOik,Official Trailer,Trailer
510,F4da9uRIg8c,4K Restoration - Official UK Trailer,Trailer
