tmdb_id,title,original_title,popularity,vote_average,vote_count,release_date,genre_ids,overview,poster_path,media_type,fetched_at,youtube_key,trailer_name,trailer_type,trailer_url
1084244,Toy Story 5,Toy Story 5,388.1231,7.77,1025,2026-06-17,"[16, 10751, 35, 12]","When Bonnie receives a Lilypad tablet as a gift and becomes obsessed, Buzz, Woody, Jessie and the rest of the gang's jobs become exponentially harder when they have to go head to head with the all-new threat to playtime.",/sfQtVlIHljToOwYjhe21KPGzZWK.jpg,movie,2026-08-19T06:43:32.853402,c51ND9Hdbw0,Official Trailer,Trailer,https://www.youtube.com/watch?v=c51ND9Hdbw0
969681,Spider-Man: Brand New Day,Spider-Man: Brand New Day,1872.4338,7.881,1898,2026-07-29,"[878, 28, 12]",Fighting crime full-time as Spider-Man in a world that doesn't remember him—and the pressure of seeing his old friends move on without him—sparks a change in Peter Parker he may not have the power to control. But that transformation might also be the only thing that can stop a shocking new threat to the city and those he loves - a powerful villain no one can even see.,/iPOn6DinuVyLY17YM9mKuPofV08.jpg,movie,2026-08-19T06:43:32.853418,8TZMtslA3UY,Official Trailer,Trailer,https://www.youtube.com/watch?v=8TZMtslA3UY
1003596,Avengers: Doomsday,Avengers: Doomsday,118.2699,0.0,0,2026-12-16,"[878, 28, 12]",Beloved heroes from three distinct universes are set on a deadly collision course and face an existential threat unlike anything they've ever encountered.,/jzPwsojjFStf5lR5Nm07w2hH56G.jpg,movie,2026-08-19T06:43:32.853427,irVNGjRFZGk,Official Trailer,Trailer,https://www.youtube.com/watch?v=irVNGjRFZGk
1368337,The Odyssey,The Odyssey,778.47,7.991,2909,2026-07-15,"[12, 28, 14]","Odysseus, the legendary King of Ithaca, embarks on a long and perilous journey home following the Trojan War. Throughout his voyage, he is forced to confront the whims of gods, mythological monsters, and trials that stretch both his cunning and his humanity to the breaking point.",/5rhTDKUhPYvpdQIijFIs5VoWsON.jpg,movie,2026-08-19T06:43:32.853432,AyIZ9tiiN8I,Official Countdown Trailer,Trailer,https://www.youtube.com/watch?v=AyIZ9tiiN8I
1101383,The End of Oak Street,The End of Oak Street,217.1636,6.6,231,2026-08-12,"[878, 9648, 53]","After a mysterious cosmic event rips Oak Street from suburbia and transports their neighborhood to someplace unknown, the Platt family soon discovers that their very survival depends on them sticking together as they navigate their now unrecognizable surroundings.",/fYXqpgPmHMphSF2W30GbTeJVIa5.jpg,movie,2026-08-19T06:43:32.853436,3oB9AxspVow,Official Trailer,Trailer,https://www.youtube.com/watch?v=3oB9AxspVow
1315772,Minions & Monsters,Minions & Monsters,288.8608,7.49,739,2026-06-24,"[12, 16, 35, 10751, 14]","This is the rambunctious, ridiculous and totally true story of how the Minions conquered Hollywood, became movie stars, lost everything, unleashed monsters onto the world and then banded together to try and save the planet from the mayhem they had just created.",/4LwvU9SZc8QQzW1X1FAPhNbXnEU.jpg,movie,2026-08-19T06:43:32.853441,ZSdOwt-G49w,Official Trailer,Trailer,https://www.youtube.com/watch?v=ZSdOwt-G49w
1339713,Obsession,Obsession,238.3554,8.226,4820,2026-05-13,"[27, 53]","After breaking the mysterious ""One Wish Willow"" to win his crush's heart, a hopeless romantic finds himself getting exactly what he asked for but soon discovers that some desires come at a dark, sinister price.",/bRwnj8WEKBCvmfeUNOukJPwB43K.jpg,movie,2026-08-19T06:43:32.853446,gMC8kkwbIQQ,Official Trailer,Trailer,https://www.youtube.com/watch?v=gMC8kkwbIQQ
1291595,Insidious: Out of the Further,Insidious: Out of the Further,34.7375,5.5,2,2026-08-19,"[27, 53]","Gemma, a young mother raising her daughter in the house she grew up in, discovers she can travel into The Further, where she possesses an ability to bring what lives there back to the real world.",/4tTrW9dXCByS5wt2pXVWb58zNjz.jpg,movie,2026-08-19T06:43:32.853457,jxU8FU3o75A,Official Trailer,Trailer,https://www.youtube.com/watch?v=jxU8FU3o75A
950028,The Invite,The Invite,100.7257,7.371,268,2026-06-25,"[35, 18, 10749]","Joe and Angela's marriage is on thin ice. When they invite their enigmatic upstairs neighbors for a dinner party, the night spirals into unexpected places. Have they reignited the spark or lit the match that burns it all down?",/b7Dr8Chzse8VagexAporUu2RtLx.jpg,movie,2026-08-19T06:43:32.853465,nelkiuezJxg,Official Trailer 2,Trailer,https://www.youtube.com/watch?v=nelkiuezJxg
1275779,Disclosure Day,Disclosure Day,175.2468,7.453,2881,2026-06-10,"[878, 53]","A cybersecurity expert becomes a whistleblower after uncovering secrets about aliens, putting him on the run from a corporation. Meanwhile, a meteorologist experiencing strange phenomena joins forces with him to prove there's life beyond our understanding.",/AnJ8IQJI23hNpYXVNaythu061Ru.jpg,movie,2026-08-19T06:43:32.853470,SCYT8vb2siQ,Official Trailer,Trailer,https://www.youtube.com/watch?v=SCYT8vb2siQ
1083381,Backrooms,Backrooms,131.2784,7.1,2835,2026-05-27,"[27, 9648, 878]",A strange doorway appears in the basement of a furniture showroom.,/rhGx6E3qRNMgj3i5su2oukNHwIQ.jpg,movie,2026-08-19T06:43:32.853474,0HjdiohVOik,Official Trailer,Trailer,https://www.youtube.com/watch?v=0HjdiohVOik
1493400,Camp Rock 3,Camp Rock 3,83.3879,6.258,62,2026-08-13,"[10402, 35, 18, 10770]","When Connect 3 loses their opening act for a major reunion tour, they return to their beloved Camp Rock to discover the next big thing. As campers vie for the chance to open for their favorite band, tensions rise and friendships are tested - leading to unexpected alliances, revelations, and romances.",/rS7byWK9cfPfdLeFNlRIaJxH9mN.jpg,movie,2026-08-19T06:43:32.853478,02-RDIZ5Rdw,Trailer,Trailer,https://www.youtube.com/watch?v=02-RDIZ5Rdw
1504358,Don't Say Good Luck,Don't Say Good Luck,68.7627,7.044,34,2026-08-13,"[35, 10402, 18]",Sophie Birenbaum is ready for the spotlight as the lead in her high school musical — until she's suddenly facing more drama at home than on the stage.,/dgTKahWonzVLeN8Lm22WR2S7D0A.jpg,movie,2026-08-19T06:43:32.853482,bvWqHSFkO5s,Official Trailer,Trailer,https://www.youtube.com/watch?v=bvWqHSFkO5s
1284041,The Last House,The Last House,243.5797,6.909,861,2026-08-06,"[27, 878, 53]",A family suddenly sealed inside their home must work together to survive against dwindling resources and the ominous threat keeping them trapped.,/6JU7E8Vv2M11egkctWVOScxWR75.jpg,movie,2026-08-19T06:43:32.853485,MLxgaz2Zp1k,Official Trailer,Trailer,https://www.youtube.com/watch?v=MLxgaz2Zp1k
687163,Project Hail Mary,Project Hail Mary,127.2495,8.654,7153,2026-03-15,"[878, 12]","Science teacher Ryland Grace wakes up on a spaceship light years from home with no recollection of who he is or how he got there. As his memory returns, he begins to uncover his mission: solve the riddle of the mysterious substance causing the sun to die out. He must call on his scientific knowledge and unorthodox ideas to save everything on Earth from extinction.",/yihdXomYb5kTeSivtFndMy5iDmf.jpg,movie,2026-08-19T06:43:32.853489,5VYsnngkS_U,Official Trailer 2,Trailer,https://www.youtube.com/watch?v=5VYsnngkS_U
1081003,Supergirl,Supergirl,138.8174,6.748,1928,2026-06-24,"[28, 12, 878]","When an unexpected and ruthless adversary strikes too close to home, Kara Zor-El, aka Supergirl, reluctantly joins forces with an unlikely companion on an epic, interstellar journey of vengeance and justice.",/1QCWdqzTfh2x9UylVpspIU6QTuM.jpg,movie,2026-08-19T06:43:32.853492,s1-pfiVMKAs,Official Trailer,Trailer,https://www.youtube.com/watch?v=s1-pfiVMKAs
1314826,Yellow Eyes,Yellow Eyes,6.2877,4.5,2,2026-08-18,[27],"A young couple inherits a house containing a mysterious relic that hosts the spirit of a powerful demon, and the wife of the man it possesses must find an exorcist to save him.",/kSewcfGO8FzVYnMGsIP6sHWviHT.jpg,movie,2026-08-19T06:43:32.853495,LaeA-hXwqPY,Yellow Eyes | Official Trailer | Horror Brains,Trailer,https://www.youtube.com/watch?v=LaeA-hXwqPY
1288445,Mutiny,Mutiny,30.1536,9.8,4,2026-08-19,"[28, 53]","After witnessing his billionaire boss' murder and being framed for the crime, Cole Reed boards a cargo ship on a one-man crusade to avenge his boss' death only to discover an international conspiracy.",/pVMxkaViouALWwc1EdZBaiZJTxJ.jpg,movie,2026-08-19T06:43:32.853503,2Iqvbe98Gb4,Official UK Trailer,Trailer,https://www.youtube.com/watch?v=2Iqvbe98Gb4
1280738,The Furious,火遮眼,90.7448,8.083,558,2026-06-10,"[28, 80, 53]","After a criminal network kidnaps Wang Wei's daughter and the corrupt police refuse to assist him, Wei sets out on his own to locate her. Navin, a tenacious journalist whose wife has mysteriously vanished, is his only ally. In this explosive martial arts showdown, the unlikely duo fights the kidnappers ruthlessly driven by a furious vengeance.",/zP19YO60jwEsfKd5Qf1UvA5uJu8.jpg,movie,2026-08-19T06:43:32.853507,Avky8dVaqAI,Official Trailer,Trailer,https://www.youtube.com/watch?v=Avky8dVaqAI
1212763,Evil Dead Burn,Evil Dead Burn,169.309,7.867,1169,2026-07-07,[27],"After her husband's abrupt death, Alice seeks solace with his remaining family — descendants of a leading researcher on demonic possession. As her in-laws transform one by one into creatures that feed on fear, she comes to discover that the vows she took in life survive even in death.",/uRxrNXQWkHoENm3nwVOZDYSCx2F.jpg,movie,2026-08-19T06:43:32.853511,TnHby2cxJzs,Official Trailer,Trailer,https://www.youtube.com/watch?v=TnHby2cxJzs
1240889,Teenage Sex and Death at Camp Miasma,Teenage Sex and Death at Camp Miasma,25.7389,7.2,24,2026-08-06,"[35, 27, 10749]","After years of slapdash sequels and waning fandom, the Camp Miasma slasher franchise is handed over to an enthusiastic young director for resurrection. But when she visits the original's star, a now-reclusive actress shrouded in mystery, the two women fall into a blood-soaked world of desire, fear, and delirium.",/5Cz1EJOKpZ8hqvBNZYF9C2zTB2T.jpg,movie,2026-08-19T06:43:33.160594,j9TsiTgYZGw,Official Vertical Trailer,Trailer,https://www.youtube.com/watch?v=j9TsiTgYZGw
1308767,Young Washington,Young Washington,41.9177,7.731,80,2026-07-02,"[36, 10752, 18]","Before he led a nation, George Washington was a young soldier thrown into a global conflict. With alliances crumbling and war closing in, he must choose who to trust and confront the leader he's becoming.",/6CdoTKnRQHJkjRGxTefFGkPQplB.jpg,movie,2026-08-19T06:43:33.160606,LJek-kc384w,Official Trailer,Trailer,https://www.youtube.com/watch?v=LJek-kc384w
1170608,Dune: Part Three,Dune: Part Three,19.0869,0.0,0,2026-12-15,"[878, 12]",Emperor Paul Atreides faces the fallout from his ascent to power as political plots and a galaxy-wide holy war endanger the future only he can see.,/d43fvHQsIMa4kpyhKXw0haEJIvI.jpg,movie,2026-08-19T06:43:33.160611,NdvqHc56lE0,Official Trailer,Trailer,https://www.youtube.com/watch?v=NdvqHc56lE0
1599668,Landship,Landship,7.5353,4.0,1,2026-06-26,[10752],"The Battle of Passchendaele, 1917. For three years the great war has been waging, and the two armies find themselves entrenched along the four-hundred-mile Western Front. At the start of a pivotal allied offensive to break the stalemate, the nine-man crew of a British MKIV Tank set out to destroy a series of heavily defended German bunkers.",/iYMX7oUGxHn6Z9pSqcAgl5r0E4N.jpg,movie,2026-08-19T06:43:33.160614,ALve3Nc5Nso,Official UK Trailer,Trailer,https://www.youtube.com/watch?v=ALve3Nc5Nso
1748007,Niu Lai,牛来,11.9848,2.0,5,2026-08-05,"[16, 12]",Animation about a young cow named Niu Lai growing up to be a warrior.,/kOzUhvsHq7Thcj3nZLgrghOZagq.jpg,movie,2026-08-19T06:43:33.160618,,,,
980431,Avatar Aang: The Last Airbender,Avatar Aang: The Last Airbender,110.9348,9.227,896,2026-07-24,"[16, 28, 12, 14]","Avatar Aang, the world's last Airbender, learns of an ancient power that could save his culture from extinction. With the help of his friends, he embarks on a global quest to find it before it falls into the wrong hands and threatens to upend the peace they sacrificed everything to achieve.",/3sgnSfNT27Bx5O5ukr7B26mhEQq.jpg,movie,2026-08-19T06:43:33.160622,7b20GRFZBFE,Official Trailer,Trailer,https://www.youtube.com/watch?v=7b20GRFZBFE
1314481,The Devil Wears Prada 2,The Devil Wears Prada 2,78.613,7.07,2110,2026-04-29,"[35, 18]","Andy Sachs returns to Runway as Miranda Priestly navigates a new media landscape and Runway's position within. The duo reconnect with former assistant Emily Charlton, now the head of a luxury brand that possesses funding which could ensure Runway's survival.",/xTI42pmsP5EDnvsNJPEDubwWBQO.jpg,movie,2026-08-19T06:43:33.160625,e9HXmMnUEdE,Official Trailer,Trailer,https://www.youtube.com/watch?v=e9HXmMnUEdE
1433367,One Night Only,One Night Only,26.0083,6.833,30,2026-07-28,"[35, 10749]",Two love-starved strangers crash into each other on the one night of the year when single people are allowed to have sex.,/9LGEqZvzI7Tsosf8srwEY48rZsD.jpg,movie,2026-08-19T06:43:33.160629,AvKoSR3O4NQ,Official Trailer,Trailer,https://www.youtube.com/watch?v=AvKoSR3O4NQ
1375646,Colony,군체,300.1541,8.112,536,2026-05-21,"[28, 27, 878]","Professor Se-jeong is thrust into a bloody nightmare when a rapidly mutating virus is released during a biotech conference causing authorities to seal the facility. Trapped inside with no escape, Se-jeong along with a small group of survivors must fight to stay alive while the infected undergo horrific transformations.",/tN799oUR0f1gUKDYdMNrDaY7I51.jpg,movie,2026-08-19T06:43:33.160632,LW6dpj1uCK8,International Trailer,Trailer,https://www.youtube.com/watch?v=LW6dpj1uCK8
1588838,To the Max,La fiera,27.4705,5.75,16,2026-02-06,"[18, 12]",A group of friends bonded by their love for extreme sports discovers BASE jumping in wingsuits — but feeling like flying carries the highest risks.,/7KtjwHzp2EB5N63bZtxVb2gImjf.jpg,movie,2026-08-19T06:43:33.160636,,,,
1204680,Coyote vs. Acme,Coyote vs. Acme,20.8024,0.0,0,2026-08-20,"[35, 12, 10751]","After Acme products fail him one too many times in his dogged pursuit of the Roadrunner, Wile E. Coyote decides to hire a billboard lawyer to sue the Acme Corporation.",/orkLtdgMGiO9rTVMqJ1kKwrnup1.jpg,movie,2026-08-19T06:43:33.160639,H-43VeYGiPM,Official Trailer,Trailer,https://www.youtube.com/watch?v=H-43VeYGiPM
1384216,The Dog Stars,The Dog Stars,17.5773,0.0,0,2026-07-27,"[12, 878, 53]","After the world's population has been ravaged by a pandemic, a man lives a lonesome existence in a Colorado airplane hangar with his dog and a dour gunman he has befriended. When a mysterious transmission comes through on the radio while he’s flying his old Cessna, it sparks a hunt for the provenance of the sound.",/A7i16oDi03qrKep5pBfuTWNUTb.jpg,movie,2026-08-19T06:43:33.160643,-xSxaE1ClEE,Official Trailer,Trailer,https://www.youtube.com/watch?v=-xSxaE1ClEE
1228710,The Mandalorian and Grogu,The Mandalorian and Grogu,61.189,7.5,1298,2026-05-20,"[28, 12, 878]","The evil Empire has fallen, and Imperial warlords remain scattered throughout the galaxy. As the fledgling New Republic works to protect everything the Rebellion fought for, they have enlisted the help of legendary Mandalorian bounty hunter Din Djarin and his young apprentice Grogu.",/7GV5rrUJf0BRUhoh2cyFoeNthlQ.jpg,movie,2026-08-19T06:43:33.160646,IHWlvwu8t1w,Official Trailer,Trailer,https://www.youtube.com/watch?v=IHWlvwu8t1w
1341138,Spa Weekend,Spa Weekend,13.3566,0.0,0,2026-08-20,[35],"Four lifelong friends realize that somewhere between careers, relationships, families, and everyday responsibilities, they’ve forgotten how to take care of themselves—and each other. Burned out and overdue for a break, the women escape to a luxury spa retreat for an unforgettable weekend dedicated to fun, laughter, and a lot of really bad decisions.",/7LIP05jWWwLPObSOAVbX7xkWPQ0.jpg,movie,2026-08-19T06:43:33.160654,9p7j3UvpEQQ,Official Trailer,Trailer,https://www.youtube.com/watch?v=9p7j3UvpEQQ
1281195,Truly Naked,Truly Naked,16.6143,6.889,9,2026-04-15,"[18, 10749]","An introverted teen, who has only ever experienced sex through the lens while working for his father’s pornography business, must step out from behind the camera when a feisty classmate challenges him to embrace a real connection.",/y23B9EnC0LDw8zMKlpXJauyLH7k.jpg,movie,2026-08-19T06:43:33.160658,GxxEPboV94c,TRULY NAKED international trailer,Trailer,https://www.youtube.com/watch?v=GxxEPboV94c
1273221,Scary Movie,Scary Movie,127.5083,6.438,1666,2026-06-03,[35],"Twenty-six years after outrunning a suspiciously familiar masked killer, the Core Four are back in the killer's crosshairs and no horror movie IP is safe.",/znHT8peERZRWG1ME3r0Db0EV8k8.jpg,movie,2026-08-19T06:43:33.160662,0fZ58S-7QP0,Official Trailer,Trailer,https://www.youtube.com/watch?v=0fZ58S-7QP0
1284465,The Death of Robin Hood,The Death of Robin Hood,212.8565,6.273,227,2026-06-18,"[12, 18, 28]","Grappling with his past after a life of crime and murder, Robin Hood finds himself gravely injured after a battle he thought would be his last. In the hands of a mysterious woman, he is offered a chance at salvation.",/92Tsfx7SFafOqWsotvrlJbHyehd.jpg,movie,2026-08-19T06:43:33.160665,tlSDDuWxO_0,Official Trailer,Trailer,https://www.youtube.com/watch?v=tlSDDuWxO_0
1248832,Digger,Digger,8.5193,0.0,0,2026-09-30,[35],The most powerful man in the world embarks on a frantic mission to prove he is humanity's savior before the disaster he's unleashed destroys everything.,/1ATXKrIPJyKNwnJ6lcG088Sa6zi.jpg,movie,2026-08-19T06:43:33.160668,qORTe1wW3Wg,Official Trailer,Trailer,https://www.youtube.com/watch?v=qORTe1wW3Wg
1612018,Jackass: Best and Last,Jackass: Best and Last,106.6404,7.519,159,2026-06-25,"[28, 35, 99]",The fifth and final installment to Jackass franchise where the crew go on one last insane crusade.,/tfgccePxnswMqhmtxafliLlcCVR.jpg,movie,2026-08-19T06:43:33.160672,sNwzFhGwA94,Official Trailer,Trailer,https://www.youtube.com/watch?v=sNwzFhGwA94
1108427,Moana,Moana,178.6083,6.015,199,2026-07-08,"[10751, 14, 35, 12]","Teenage Moana answers the Ocean's call and, for the first time, voyages beyond the reef of her island of Motunui with infamous demigod Maui on an unforgettable journey to restore prosperity to her people.",/zKVgiv5qHCvCLT4A2ymJi5QeXDH.jpg,movie,2026-08-19T06:43:33.160676,n7f6hlKsxxo,Official Trailer,Trailer,https://www.youtube.com/watch?v=n7f6hlKsxxo
1423191,Resident Evil,Resident Evil,11.3749,0.0,0,2026-09-16,"[27, 878]","Bryan, a medical courier, unwittingly finds himself in an action-packed, non-stop race for survival as one fateful, horrifying night collapses around him in chaos.",/guq5cJ43v0qcMtLqrYHe5P9fgFM.jpg,movie,2026-08-19T06:43:33.469579,mNd1gb19A-c,Official Trailer,Trailer,https://www.youtube.com/watch?v=mNd1gb19A-c
1325734,The Drama,The Drama,36.8716,6.911,1585,2026-04-01,"[10749, 35, 18]",A happily engaged couple is put to the test when an unexpected turn sends their wedding week off the rails.,/rnIOUhzwJDfgQakx8EjoNyItKgs.jpg,movie,2026-08-19T06:43:33.469592,6zmKcUa4Xxk,Official Trailer,Trailer,https://www.youtube.com/watch?v=6zmKcUa4Xxk
1481343,The Devil's Mouth,The Devil's Mouth,111.0638,6.617,647,2026-07-29,"[27, 53]","A group of college friends' Thailand adventure turns deadly when they become trapped in submerged caves with a dangerous predator. As oxygen runs low, past conflicts emerge in their desperate fight for survival.",/lH8k9uCWYn2b2gsYleqYBDPbWa8.jpg,movie,2026-08-19T06:43:33.469597,2bp4Viru6Xc,Official Trailer,Trailer,https://www.youtube.com/watch?v=2bp4Viru6Xc
936075,Michael,Michael,81.9152,8.676,4075,2026-04-22,"[10402, 18]","The story of Michael Jackson, one of the most influential artists the world has ever known, and his life beyond the music. His journey from the discovery of his extraordinary talent as the lead of the Jackson Five, to the visionary artist whose creative ambition fueled a relentless pursuit to become the biggest entertainer in the world, highlighting both his life off-stage and some of the most iconic performances from his early solo career.",/2AvgnCwCakNiJqWZqaQhdGjWNey.jpg,movie,2026-08-19T06:43:33.469601,mbtgEE6rkxw,Official Trailer,Trailer,https://www.youtube.com/watch?v=mbtgEE6rkxw
1725038,Aussie at Heart,Aussie at Heart,4.2717,7.0,1,2026-08-15,[10749],"Samara, a former lawyer now event planner, reunites with Nate, her ex‑coworker and rival, to plan a couple's anniversary in Queensland and begin to confront their past and fall for each other.",/gvndojJd2qfWlgsOhw1K1abxYB5.jpg,movie,2026-08-19T06:43:33.469605,,,,
1307118,Soulm8te,Soulm8te,132.0729,7.202,198,2026-07-31,"[27, 878, 53]","After a ruthless tech giant acquires a small robotics company, a grieving engineer is tasked with testing their new AI companion. But when he attempts to reprogram her to be a truly sentient soulmate, she develops needs of her own—unleashing a relentless spree of precision-engineered mayhem.",/bNErActDctl6cdUGw9pnjSCmyhQ.jpg,movie,2026-08-19T06:43:33.469608,DF9I1wLlXbk,Watch At Home on 8/1,Trailer,https://www.youtube.com/watch?v=DF9I1wLlXbk
1226863,The Super Mario Galaxy Movie,The Super Mario Galaxy Movie,60.4349,8.242,3483,2026-04-01,"[10751, 35, 12, 14, 16]","Having thwarted Bowser's previous plot to marry Princess Peach, Mario and Luigi now face a fresh threat in Bowser Jr., who is determined to liberate his father from captivity and restore the family legacy. Alongside companions new and old, the brothers travel across the stars to stop the young heir's crusade.",/eJGWx219ZcEMVQJhAgMiqo8tYY.jpg,movie,2026-08-19T06:43:33.469612,FdL2GorGdKc,Official Trailer,Trailer,https://www.youtube.com/watch?v=FdL2GorGdKc
1340206,Tuner,Tuner,23.4595,7.238,280,2026-05-21,"[80, 18, 53]","A gifted piano tuner's meticulous skills for tuning pianos lead him to discover an unexpected aptitude for cracking safes, turning his life upside down.",/5OvA3i9wZs5jHu0DCrfmXlzAM67.jpg,movie,2026-08-19T06:43:33.469615,HYxzyLVJORA,Tuner - OFFICIAL TRAILER,Trailer,https://www.youtube.com/watch?v=HYxzyLVJORA
910850,MOBILE SUIT GUNDAM HATHAWAY The Sorcery of Nymph Circe,機動戦士ガンダム  閃光のハサウェイ キルケーの魔女,7.6221,7.4,10,2026-01-30,"[16, 878, 10752, 18]","Haunted by past trauma, Hathaway Noa is drawn to a mysterious girl named Gigi Andalucia, whose strange powers stir memories within him. While swayed by her cryptic words, he continues preparing for Mafty's mission -- the attack on the Adelaide Conference. Meanwhile, Kenneth Sleg of the Earth Federation Forces prepares a defense operation for the Adelaide Conference and a plan to eliminate Mafty and is approached by Handley Yoxon of the Criminal Police Organization with a secret proposal. As Hathaway and Kenneth pursue their respective goals, Gigi also sets off for Hong Kong to fulfill her own role.",/6YkVpc9Dn1L2FHNlLOybpSKeGc7.jpg,movie,2026-08-19T06:43:33.469619,pD7eBqTy__E,Official Trailer,Trailer,https://www.youtube.com/watch?v=pD7eBqTy__E
1432817,Mi Amor,Mi Amor,3.6825,5.0,6,2026-05-06,[53],"Romy is a French DJ touring the sun-bleached and club-lit Canary Islands, until her friend vanishes. Met with evasion from locals and the authorities, her search leads her to a magnetic stranger and the sinister proprietors of an exotic animal sanctuary.",/kMczcdSqyKmMSipdy4G3vAxdyNl.jpg,movie,2026-08-19T06:43:33.469623,9ux7XiChxZo,Official Trailer,Trailer,https://www.youtube.com/watch?v=9ux7XiChxZo
1473878,Speed Demon,Speed Demon,5.3053,4.861,18,2026-05-20,[27],"Aboard a high-speed train, a nun who has lost her faith must perform her first exorcism on a possessed passenger hellbent on crashing the runaway train.",/gP7maqMVoQPXYi1rtCJ1kpSpNTA.jpg,movie,2026-08-19T06:43:33.469626,ZOxnYAz7NkY,Official Trailer,Trailer,https://www.youtube.com/watch?v=ZOxnYAz7NkY
1589248,"My Best Friend, His Girlfriend and Me","Mein bester Freund, seine Freundin und ich",46.8606,3.7,13,2026-08-14,[35],"Olli and Matze are best friends living, working and planning to travel the world together — until Matze's romance with Rebecca turns it all upside down.",/aWLshM7DZECutuQVpMfhDiPZUQC.jpg,movie,2026-08-19T06:43:33.469630,,,,
986056,Thunderbolts*,Thunderbolts*,43.2046,7.3,3898,2025-04-30,"[28, 878, 12]","After finding themselves ensnared in a death trap, seven disillusioned castoffs must embark on a dangerous mission that will force them to confront the darkest corners of their pasts.",/hqcexYHbiTBfDIdDWxrxPtVndBX.jpg,movie,2026-08-19T06:43:33.469633,7rs_HhSA7XY,Buy It on Digital July 1 and Own It On Blu-Ray July 29,Trailer,https://www.youtube.com/watch?v=7rs_HhSA7XY
1422011,It Ends,It Ends,9.2603,5.5,10,2026-08-21,"[27, 9648]","A group of recent grads head out on a late night drive for grub, hoping to enjoy one final hangout before their paths diverge. Instead, they accidentally turn onto a never-ending, two-lane hellscape surrounded by untold horrors and cosmic forces beyond their understanding. Cramped together inside a Jeep Cherokee and with the miles stretching infinitely ahead, they face a choice: embrace their new existence or fight to escape it.",/6dfAGvZWbJnzWfSZ8gxFj63BNAH.jpg,movie,2026-08-19T06:43:33.469637,zFszhQLMNXU,Official Trailer,Trailer,https://www.youtube.com/watch?v=zFszhQLMNXU
1439930,The Punisher: One Last Kill,The Punisher: One Last Kill,68.9522,8.296,2087,2026-05-12,"[28, 18, 80]","As Frank Castle searches for meaning beyond revenge, an unexpected force pulls him back into the fight.",/qQclTgLMDvGBuUBFGHRipxkEwWR.jpg,movie,2026-08-19T06:43:33.469641,oSeqs_xeqv4,Official Trailer,Trailer,https://www.youtube.com/watch?v=oSeqs_xeqv4
1058424,Hope,호프,19.1258,8.1,22,2026-07-15,"[878, 9648, 28]","In the remote South Korean village of Hope Harbor, police chief Bum-seok and officer Sung-ae are called to investigate a mysterious creature wreaking havoc on the community. But all is not as it seems, and perceptions can be misleading. What begins as ignorance plants the seed of disaster, escalating through human conflict into a tragedy of cosmic proportions.",/bcK5naYzzfY0JBCgrPrsrbV6NO1.jpg,movie,2026-08-19T06:43:33.469644,mYRc2Gl7geY,Official Trailer [Subtitled],Trailer,https://www.youtube.com/watch?v=mYRc2Gl7geY
931285,Mortal Kombat II,Mortal Kombat II,60.4244,7.875,2386,2026-05-06,"[28, 14, 12]","The fan favorite champions—now joined by Johnny Cage himself—are pitted against one another in the ultimate, no-holds barred, gory battle to defeat the dark rule of Shao Kahn that threatens the very existence of the Earthrealm and its defenders.",/hwRdDFIhaEmpRgoki805YvyyjZf.jpg,movie,2026-08-19T06:43:33.469648,qGyIEis2T2o,Official American Sign Language Trailer,Trailer,https://www.youtube.com/watch?v=qGyIEis2T2o
1185806,PAW Patrol: The Dino Movie,PAW Patrol: The Dino Movie,35.5036,6.984,32,2026-07-23,"[16, 12, 10751, 14, 35]","The Paw Patrol lands on a mysterious dinosaur island after a storm, where they meet Rex, a stranded pup. When Humdinger's reckless mining triggers a volcano, the team faces their biggest rescue mission yet to save the island.",/qnin56Syy5rbG7KCaxWY7SPuy6p.jpg,movie,2026-08-19T06:43:33.469652,xgI5iYmOf5Q,Official Trailer,Trailer,https://www.youtube.com/watch?v=xgI5iYmOf5Q
1487864,Nando Between Two Worlds - A Sintonia Film,Nando Entre Dois Mundos: Um Filme Sintonia,48.3974,5.308,13,2026-08-12,"[18, 53, 80]","Caught between family life and his obligations to the criminal underworld, Nando faces an impossible choice about where his true loyalties lie.",/lP558W6RgDYaQvs9GKNGPUhVOLU.jpg,movie,2026-08-19T06:43:33.469655,,,,
1444466,Awarapan 2,आवारापन २,27.9169,0.0,0,2026-08-14,"[28, 18, 10749]","Shivam returns to the crime world, where his path forward demands redemption, love, and sacrifice. As relationships deepen and conflicts intensify, every choice tests his resolve and shapes his destiny.",/lD3J6zTbWkVtPYuSUuuBwpuKMCO.jpg,movie,2026-08-19T06:43:33.469658,,,,
1487864,Nando Between Two Worlds - A Sintonia Film,Nando Entre Dois Mundos: Um Filme Sintonia,48.3974,5.308,13,2026-08-12,"[18, 53, 80]","Caught between family life and his obligations to the criminal underworld, Nando faces an impossible choice about where his true loyalties lie.",/lP558W6RgDYaQvs9GKNGPUhVOLU.jpg,movie,2026-08-19T06:43:33.779555,,,,
1392469,Cocktail 2,कॉकटेल २,14.6406,5.913,23,2026-06-19,"[10749, 35]",A vacation in Sicily forces longtime partners Diya and Kunal to question their love and commitment after they reunite with Diya's old friend Ally.,/oIQmtByV1LtEQSwM4EpdLTyoSlM.jpg,movie,2026-08-19T06:43:33.779570,,,,
1304313,Lee Cronin's The Mummy,Lee Cronin's The Mummy,46.8106,7.903,2526,2026-04-15,"[27, 9648]","The young daughter of a journalist disappears into the desert without a trace—eight years later, the broken family is shocked when she is returned to them, as what should be a joyful reunion turns into a living nightmare.",/1q308iixueCU4pFtSYugNOevtNx.jpg,movie,2026-08-19T06:43:33.779575,XJ0uv-phsDk,Official Trailer,Trailer,https://www.youtube.com/watch?v=XJ0uv-phsDk
1616131,A Child of My Own,Un hijo propio,23.8202,6.5,7,2026-07-30,[99],"Desperate for a baby and burdened by family and societal expectations, a woman fakes a pregnancy and gets tangled in a crime.",/4ALVUEb2PCIFDNCD88xTFJFCJ3q.jpg,movie,2026-08-19T06:43:33.779579,8bggMB_AzEY,Official Trailer [Subtitled],Trailer,https://www.youtube.com/watch?v=8bggMB_AzEY
617126,The Fantastic 4: First Steps,The Fantastic 4: First Steps,49.2265,6.948,3713,2025-07-23,"[878, 12, 28]","Against the vibrant backdrop of a 1960s-inspired, retro-futuristic world, Marvel's First Family is forced to balance their roles as heroes with the strength of their family bond, while defending Earth from a ravenous space god called Galactus and his enigmatic Herald, Silver Surfer.",/nf5qaSEvyYSNeFH0YhSs5EsBLX9.jpg,movie,2026-08-19T06:43:33.779584,0uDUlDmGhUo,Official IMAX 1.90 Trailer,Trailer,https://www.youtube.com/watch?v=0uDUlDmGhUo
1400940,Clayface,Clayface,6.3839,0.0,0,2026-10-21,"[27, 53, 878]","Follow the terrifying descent into hell of a promising Hollywood actor who has become a monster driven by revenge, exploring the loss of identity and humanity, the ravages of toxic love and the dark side of scientific ambition.",/5jCpQnWPikggmQZoDp1eAi6BI6w.jpg,movie,2026-08-19T06:43:33.779589,OGO4Mqvo3jI,Official Trailer,Trailer,https://www.youtube.com/watch?v=OGO4Mqvo3jI
1706919,The Ghost in the Shell,The Ghost in the Shell,2.3746,8.3,3,2026-06-26,"[16, 878]","In the year 2029, Niihama City has become a technologically advanced metropolis. Due to great improvements in cybernetics, its citizens are able to replace their limbs with robotic parts. The world is now more interconnected than ever before, and the city's Public Security Section 9 is responsible for combating corruption, terrorism, and other dangerous threats following this shift toward globalisation. Theatrical screening of the English dub of the first two episodes of the 2026 anime, plus bonus content.",/mKmJJNd8Ge5KY6DtpTE2cXD0xnE.jpg,movie,2026-08-19T06:43:33.779593,rAQXtWrLPyo,THE GHOST IN THE SHELL - See it first in UK cinemas - EXCLUSIVE preview screenings 26th June,Trailer,https://www.youtube.com/watch?v=rAQXtWrLPyo
1327819,Hoppers,Hoppers,52.6687,8.169,2199,2026-03-04,"[12, 16, 35, 10751, 878]","Scientists have discovered how to 'hop' human consciousness into lifelike robotic animals, allowing people to communicate with animals as animals. Animal lover Mabel seizes an opportunity to use the technology, uncovering mysteries within the animal world beyond anything she could have imagined.",/xjtWQ2CL1mpmMNwuU5HeS4Iuwuu.jpg,movie,2026-08-19T06:43:33.779597,PypDSyIRRSs,Official Trailer,Trailer,https://www.youtube.com/watch?v=PypDSyIRRSs
1263337,Heart of the Beast,Heart of the Beast,13.0992,0.0,0,2026-09-23,"[12, 53]","After a harrowing plane crash, Special Forces officer James Belmont and his combat dog, Odin, find themselves stranded deep in the Alaskan wilderness. Together, they are forced into a brutal fight for survival against the elements.",/1ApfSA8JTqeha3GTFEY8syV4auq.jpg,movie,2026-08-19T06:43:33.779600,bfCgu83suHs,Official Trailer 2,Trailer,https://www.youtube.com/watch?v=bfCgu83suHs
1391021,Once Upon a Time in the Middle East,欢迎来龙餐馆,52.7705,9.25,16,2026-08-08,"[18, 10752]","Xu Fu travels to the Middle East to work as a chef in a Chinese restaurant to pay off family debts, where he meets floor manager Ma Junsheng. Their Dragon Restaurant rises to fame, attracting crowds with authentic‑tasting Chinese food. But war breaks out, and local conditions take a drastic turn for the worse. No one can remain unaffected. What lies ahead for them? And how will the Dragon Restaurant hold on amid the war?",/wAuGgXjA7GV8NrKfmUKl2AP8vqG.jpg,movie,2026-08-19T06:43:33.779604,,,,
1564614,Leviticus,Leviticus,92.8966,6.823,376,2026-06-17,"[27, 10749]",Two teenage boys must escape a violent entity that takes the form of the person they desire most:  each other.,/gnAsZvBygplNpp8PtjoTEYv3VPB.jpg,movie,2026-08-19T06:43:33.779607,WXuK0vlFxII,Official Trailer,Trailer,https://www.youtube.com/watch?v=WXuK0vlFxII
1302904,Practical Magic 2,Practical Magic 2,8.7239,0.0,0,2026-09-09,"[10749, 14, 35, 18]",The Owens sisters must confront the dark curse that threatens to unravel their family once and for all.,/ogwQOLbCfncjvBhFb5l0OmQH8KC.jpg,movie,2026-08-19T06:43:33.779611,Ho10_4IX1jE,Official Trailer,Trailer,https://www.youtube.com/watch?v=Ho10_4IX1jE
1318413,Pressure,Pressure,18.1884,7.762,304,2026-05-25,"[53, 36, 10752]","In the tense 72 hours before D-Day, and the fate of the free world hanging in the balance, General Dwight D. Eisenhower and Captain James Stagg face an impossible choice—launch the largest and most dangerous seaborne invasion in history or risk losing the war altogether.",/gFjEggtrejCN79r6SXRjM269OtG.jpg,movie,2026-08-19T06:43:33.779614,urSij5ZVhBc,Official US Trailer,Trailer,https://www.youtube.com/watch?v=urSij5ZVhBc
1242332,Normal,Normal,18.7509,7.223,483,2026-04-16,"[28, 80, 53]","An unassuming substitute sheriff with a troubled past responds to a bank robbery in a small, sleepy town and unknowingly uncovers something far more explosive.",/38n0tIc9c1cn5C3IMhjnIFJtwfz.jpg,movie,2026-08-19T06:43:33.779618,5OndK0w1lYY,Official Trailer,Trailer,https://www.youtube.com/watch?v=5OndK0w1lYY
1430077,Hokum,Hokum,23.9688,6.923,745,2026-04-29,[27],"When novelist Ohm Bauman retreats to a remote inn to scatter his parents' ashes, he is consumed by tales of a witch haunting the honeymoon suite. Disturbing visions and a shocking disappearance forces him to confront dark corners of his past.",/x6rHcQFiYcczLQPrmxXPAicm54E.jpg,movie,2026-08-19T06:43:33.779621,jP2nDyQWBOU,Official Trailer,Trailer,https://www.youtube.com/watch?v=jP2nDyQWBOU
1159559,Scream 7,Scream 7,25.669,6.236,1225,2026-02-25,"[27, 9648, 80]","When a new Ghostface killer emerges in the quiet town where Sidney Prescott has built a new life, her darkest fears are realized as her daughter becomes the next target. Determined to protect her family, Sidney must face the horrors of her past to put an end to the bloodshed once and for all.",/jjyuk0edLiW8vOSnlfwWCCLpbh5.jpg,movie,2026-08-19T06:43:33.779624,UJrghaPJ0RY,Official Trailer,Trailer,https://www.youtube.com/watch?v=UJrghaPJ0RY
1647153,MYSTERY ARENA,ミステリー・アリーナ,5.9514,6.0,4,2026-05-22,[9648],"Six contestants compete in a high-stakes live TV quiz show to solve a complex ""closed-circle"" murder mystery for a 10 billion yen jackpot.",/hLMWlQnZInMLcquVAXG6BEQEFEx.jpg,movie,2026-08-19T06:43:33.779628,,,,
83533,Avatar: Fire and Ash,Avatar: Fire and Ash,86.8115,7.646,4150,2025-12-17,"[878, 12, 14]","In the wake of the devastating war against the RDA and the loss of their eldest son, Jake Sully and Neytiri face a new threat on Pandora: the Ash People, a violent and power-hungry Na'vi tribe led by the ruthless Varang. Jake's family must fight for their survival and the future of Pandora in a conflict that pushes them to their emotional and physical limits.",/bRBeSHfGHwkEpImlhxPmOcUsaeg.jpg,movie,2026-08-19T06:43:33.779631,nb_fFj_0rq8,Official Trailer,Trailer,https://www.youtube.com/watch?v=nb_fFj_0rq8
1447853,Oasis: Don't Look Back in Anger,Oasis: Don't Look Back in Anger,2.5788,0.0,0,2026-09-10,"[99, 10402]","Experience the meteoric rise of Oasis through rare footage and untold stories as the band reunites for Oasis Live '25, chronicling their journey from Manchester streets to global rock stardom.",/AeHWmWB3aM0P7qPAZlV2X8LMami.jpg,movie,2026-08-19T06:43:33.779635,,,,
1751632,速战速决,速战速决,0.3429,0.0,0,2026-08-18,"[28, 80]",,/xijSYyOSm7puXpUpvY2uzp11tWc.jpg,movie,2026-08-19T06:43:33.779638,,,,
1432306,Sleepwalker,Sleepwalker,6.5685,4.6,8,2026-01-09,"[53, 27]","A grieving mother is haunted by the tragic loss of her daughter in a car accident that left her abusive husband in a coma. As she battles a surreal descent into darkness, her sleepwalking episodes intensify. Plagued by haunting visions of her husband inside their home, she grapples with the blurred lines between reality and nightmare.",/760SP4VsZagpyB9WLfeZykE3DFg.jpg,movie,2026-08-19T06:43:34.087794,HSgpBtfxbOA,Official Trailer,Trailer,https://www.youtube.com/watch?v=HSgpBtfxbOA
1290821,Shelter,Shelter,56.4994,7.8,1714,2026-01-28,"[28, 80, 53]","A man living in self-imposed exile on a remote island rescues a young girl from a violent storm, setting off a chain of events that forces him out of seclusion to protect her from enemies tied to his past.",/buPFnHZ3xQy6vZEHxbHgL1Pc6CR.jpg,movie,2026-08-19T06:43:34.087830,auHiLFjaIc0,Shelter | Official Trailer | Only In Theaters January 30,Trailer,https://www.youtube.com/watch?v=auHiLFjaIc0
1124142,The Rivals of Amziah King,The Rivals of Amziah King,11.9636,8.286,7,2026-08-13,"[80, 18, 53]","Amziah King, beekeeper, musician, and anchor of his community, reunites with former foster daughter Kateri after many years apart, and fends off threats to his honey business.",/3iVDCDS1VwHIm95PjWEPwsfdhaf.jpg,movie,2026-08-19T06:43:34.087837,GwSvAyaMGMo,Official Trailer,Trailer,https://www.youtube.com/watch?v=GwSvAyaMGMo
1380316,Is God Is,Is God Is,7.4493,5.8,103,2026-05-14,"[18, 53]","Two sisters embark on an epic quest for revenge, confronting a charged family history that pushes them to extraordinary lengths.",/rCYQGHdoz7qwYsb6wXETJfUfDLX.jpg,movie,2026-08-19T06:43:34.087841,pgtdkuNFoKk,Official Trailer,Trailer,https://www.youtube.com/watch?v=pgtdkuNFoKk
1361969,All Night Wrong,All Night Wrong,7.7899,6.8,3,2026-08-14,"[35, 80, 53]","Gary and Ell (a married man with an inferiority complex, and a grieving young widow) meet on a blind date only to wind up stealing a killer's car along with a dead body and $40,000.",/jFN9LcCG4a02wRWm2qfJ6nLY8BO.jpg,movie,2026-08-19T06:43:34.087845,3HmV37lxfbc,Official Trailer,Trailer,https://www.youtube.com/watch?v=3HmV37lxfbc
192139,The Brink of War,The Brink of War,15.3904,5.0,2,2026-08-14,"[18, 36, 53, 10752]","President Ronald Reagan races against time to salvage a deal with Soviet leader Mikhail Gorbachev that could dismantle nuclear arsenals—or ignite disaster. With pressure mounting on all sides, every word spoken brings the world closer to peace... or destruction.",/hFborW6HmffKL05GIWlkTFdvVpN.jpg,movie,2026-08-19T06:43:34.087849,a-T0TlMN-RE,Official Trailer,Trailer,https://www.youtube.com/watch?v=a-T0TlMN-RE
1465818,Horsegirls,Horsegirls,2.5293,0.0,0,2026-07-17,"[18, 35]","As her mother battles an uncertain diagnosis, neurodivergent 22-year-old Margarita discovers a source of strength in an unexpected place: the sport of hobbyhorsing.",/3BmMIETSNNEYjk9Atg7id5Wnly4.jpg,movie,2026-08-19T06:43:34.087852,JdvV29CGdPs,Official Trailer,Trailer,https://www.youtube.com/watch?v=JdvV29CGdPs
1122573,In the Grey,In the Grey,36.0973,7.578,732,2026-05-13,"[28, 53]","A covert team of elite operatives are living in the shadows. When a ruthless despot steals a billion-dollar fortune, they're sent to take it back—an impossible heist that erupts into a deadly game of strategy, deception and survival.",/dQgIcW6Th08kMRf2HBoYWoFE6OD.jpg,movie,2026-08-19T06:43:34.087855,nufP15iN4GE,Official Trailer,Trailer,https://www.youtube.com/watch?v=nufP15iN4GE
1128204,Feed,Feed,7.7341,5.0,1,2026-06-25,[27],Five social media influencers spend a weekend at a forest retreat but inadvertently awaken and confront the world's first vampire.,/vXmIlirwmiTTpvNUFq1D8Sqgklz.jpg,movie,2026-08-19T06:43:34.087859,ORFG_EWDkCY,Feed | Official Trailer | Horror Brains,Trailer,https://www.youtube.com/watch?v=ORFG_EWDkCY
1061474,Superman,Superman,38.0411,7.326,5289,2025-07-09,"[878, 12, 28]","Superman, a journalist in Metropolis, embarks on a journey to reconcile his Kryptonian heritage with his human upbringing as Clark Kent.",/ldyfo0BKmz5rWtJJKCvwaNS4cJT.jpg,movie,2026-08-19T06:43:34.087862,MikgqM0LXr4,Official American Sign Language Trailer,Trailer,https://www.youtube.com/watch?v=MikgqM0LXr4
1434102,Heartin,ஹார்டின்,3.5556,6.0,2,2026-06-26,"[35, 10749, 18]",Fate tosses a couple into an unexpected situation with an ex-girlfriend in the mix.,/7xvMocNLZov64aOU1X3BRWawjD7.jpg,movie,2026-08-19T06:43:34.087866,,,,
1476682,Gail Daughtry and the Celebrity Sex Pass,Gail Daughtry and the Celebrity Sex Pass,11.5354,6.5,21,2026-07-09,[35],"Small-town Kansas hairdresser Gail Daughtry's fiancé uses his 'celebrity sex pass' on Jennifer Aniston, prompting Gail to travel to LA with her friend Otto to find her own pass, Jon Hamm, to even the score.",/98T4bnMjJs71WOVZoeY8edZhfgZ.jpg,movie,2026-08-19T06:43:34.087869,GEbaLieo_Kw,Official Trailer,Trailer,https://www.youtube.com/watch?v=GEbaLieo_Kw
1632473,"This, That and Everything in Between","Ganito, Ganyan, Ganoon",25.4202,4.5,1,2026-08-13,"[18, 10751]","A TV writer returns home to her estranged mother, igniting chaos as they navigate painful secrets and the  complexities of their dysfunctional family.",/voT1x4FdnBieu1en3CeKhf7N0n8.jpg,movie,2026-08-19T06:43:34.087873,,,,
1301421,The Sheep Detectives,The Sheep Detectives,37.3654,7.927,1450,2026-04-30,"[35, 10751, 9648]","George Hardy is a shepherd who reads detective novels to his beloved sheep every night, assuming they can't possibly understand. But when a mysterious incident disrupts life on the farm, the sheep realize they must become the detectives. As they follow the clues and investigate human suspects, they prove that even sheep can be brilliant crime-solvers.",/mGWOmj2jHFol3kOGNv1EhbSDDE1.jpg,movie,2026-08-19T06:43:34.087877,826SRt1CFbg,Official Trailer 2,Trailer,https://www.youtube.com/watch?v=826SRt1CFbg
1284016,Power Ballad,Power Ballad,11.2467,7.067,89,2026-05-18,"[35, 10402, 18]","When Rick, a past-his-prime wedding singer, meets fading boy-band star Danny during a gig, the two bond over music and a late-night jam session. But when Danny turns one of Rick’s songs into the hit that reignites his career, Rick sets out to reclaim the recognition he believes he deserves - even if it means risking everything he cares about.",/sGgX2K0SJqw90Ju8TONdhDVwlzT.jpg,movie,2026-08-19T06:43:34.087880,-faiHUsbP_U,Official International Trailer,Trailer,https://www.youtube.com/watch?v=-faiHUsbP_U
1477712,Ice Cream Man,Ice Cream Man,24.1577,4.988,40,2026-08-03,[27],An idyllic summer town descends into madness when an ice cream man serves kids sweet delights with horrifying results.,/c987gxFjXqYOxZEZKcTkS1ONTWH.jpg,movie,2026-08-19T06:43:34.087884,Cgw3zNmFtRo,Official International Trailer,Trailer,https://www.youtube.com/watch?v=Cgw3zNmFtRo
1283515,Verity,Verity,11.7413,0.0,0,2026-09-30,"[9648, 53]","Lowen Ashleigh gets hired by Jeremy Crawford to ghostwrite novels for his bestselling author wife Verity, who's unable to finish after an accident. Lowen uncovers Verity's disturbing truths while residing at the Crawfords' home to work.",/dGSsPovyUW5XVekXcy7F2GyhTEh.jpg,movie,2026-08-19T06:43:34.087887,xdPMKhjMSFs,Official Trailer,Trailer,https://www.youtube.com/watch?v=xdPMKhjMSFs
1376400,Crawlers,Crawlers,5.4368,0.0,0,2026-10-01,"[27, 53]","When a man returns from a trip unwittingly harboring a new breed of arachnid, the people in an apartment block are quarantined and left to fend for themselves against a plague of venomous spiders.",/lNXeEpg4yLSRwXwOeR5lbPgwbqL.jpg,movie,2026-08-19T06:43:34.087890,uLpZTosf6uI,Crawlers | 2026 | Official Trailer Theatrical Trailer | Only In Cinemas October 30 |,Trailer,https://www.youtube.com/watch?v=uLpZTosf6uI
1679730,THE RIBBON HERO,THE RIBBON HERO リボンヒーロー,17.2407,6.964,14,2026-08-07,"[16, 14, 18, 28]","When the monstrous Nergal devastates her kingdom, Princess Sapphire reawakens as the Ribbon Hero and fights to save her new home from the same dark fate.",/nUCkV0iODxbULZQ5vRN1sDjPrpk.jpg,movie,2026-08-19T06:43:34.087894,oJL-llloz24,Official Trailer [Subtitled],Trailer,https://www.youtube.com/watch?v=oJL-llloz24
949838,72 HOURS,72 HOURS,37.7136,6.868,368,2026-07-20,"[35, 80]","To save his career, a 40-year-old ad exec joins a crew of twentysomethings for a wild Miami bachelor party after they mistakenly add him to a group chat.",/9Bu1PW2R1XayqRqnl0aDOgMcrdS.jpg,movie,2026-08-19T06:43:34.087898,N-J-HR3quc4,Official Trailer,Trailer,https://www.youtube.com/watch?v=N-J-HR3quc4
