tmdb_id,title,release_date,popularity,vote_average,vote_count,genre_ids,overview,fetched_at,youtube_key,trailer_name,trailer_type,trailer_url
1368337,The Odyssey,2026-07-15,684.2902,7.989,3005,"[12, 28, 14]","Odysseus, the legendary King of Ithaca, embarks on a long and perilous journey home following the Trojan War. Throughout his voyage, he is forced to confront the whims of gods, mythological monsters, and trials that stretch both his cunning and his humanity to the breaking point.",2026-08-21T06:47:17.081715,AyIZ9tiiN8I,Official Countdown Trailer,Trailer,https://www.youtube.com/watch?v=AyIZ9tiiN8I
1375646,Colony,2026-05-21,282.3326,8.08,558,"[28, 27, 878]","Professor Se-jeong is thrust into a bloody nightmare when a rapidly mutating virus is released during a biotech conference causing authorities to seal the facility. Trapped inside with no escape, Se-jeong along with a small group of survivors must fight to stay alive while the infected undergo horrific transformations.",2026-08-21T06:47:17.081728,LW6dpj1uCK8,International Trailer,Trailer,https://www.youtube.com/watch?v=LW6dpj1uCK8
1339713,Obsession,2026-05-13,235.136,8.229,4878,"[27, 53]","After breaking the mysterious ""One Wish Willow"" to win his crush's heart, a hopeless romantic finds himself getting exactly what he asked for but soon discovers that some desires come at a dark, sinister price.",2026-08-21T06:47:17.081732,gMC8kkwbIQQ,Official Trailer,Trailer,https://www.youtube.com/watch?v=gMC8kkwbIQQ
1288445,Mutiny,2026-08-19,229.9234,7.089,45,"[28, 53]","After witnessing his billionaire boss' murder and being framed for the crime, Cole Reed boards a cargo ship on a one-man crusade to avenge his boss' death only to discover an international conspiracy.",2026-08-21T06:47:17.081735,2Iqvbe98Gb4,Official UK Trailer,Trailer,https://www.youtube.com/watch?v=2Iqvbe98Gb4
1284465,The Death of Robin Hood,2026-06-18,190.2787,6.288,233,"[12, 18, 28]","Grappling with his past after a life of crime and murder, Robin Hood finds himself gravely injured after a battle he thought would be his last. In the hands of a mysterious woman, he is offered a chance at salvation.",2026-08-21T06:47:17.081738,tlSDDuWxO_0,Official Trailer,Trailer,https://www.youtube.com/watch?v=tlSDDuWxO_0
1101383,The End of Oak Street,2026-08-12,183.4236,6.5,275,"[878, 9648, 53]","After a mysterious cosmic event rips Oak Street from suburbia and transports their neighborhood to someplace unknown, the Platt family soon discovers that their very survival depends on them sticking together as they navigate their now unrecognizable surroundings.",2026-08-21T06:47:17.081741,3oB9AxspVow,Official Trailer,Trailer,https://www.youtube.com/watch?v=3oB9AxspVow
1083381,Backrooms,2026-05-27,129.2423,7.1,2866,"[27, 9648, 878]",A strange doorway appears in the basement of a furniture showroom.,2026-08-21T06:47:17.081744,0HjdiohVOik,Official Trailer,Trailer,https://www.youtube.com/watch?v=0HjdiohVOik
1594914,Lucky Strike,2026-06-26,97.5143,7.29,31,"[28, 10752]","A wounded American soldier fights to survive behind enemy lines during WWII's Battle of the Bulge against the Germans, relying on his instinct, spy craft and a hand-radio to evade capture and find his way back to his unit.",2026-08-21T06:47:17.081749,vtEnjikCXyA,Official Trailer,Trailer,https://www.youtube.com/watch?v=vtEnjikCXyA
950028,The Invite,2026-06-25,80.8835,7.382,283,"[35, 18, 10749]","Joe and Angela's marriage is on thin ice. When they invite their enigmatic upstairs neighbors for a dinner party, the night spirals into unexpected places. Have they reignited the spark or lit the match that burns it all down?",2026-08-21T06:47:17.081753,nelkiuezJxg,Official Trailer 2,Trailer,https://www.youtube.com/watch?v=nelkiuezJxg
278,The Shawshank Redemption,1994-09-23,91.02,8.728,31092,"[18, 80]","Imprisoned in the 1940s for the double murder of his wife and her lover, upstanding banker Andy Dufresne begins a new life at the Shawshank prison, where he puts his accounting skills to work for an amoral warden. During his long stretch in prison, Dufresne comes to be admired by the other inmates -- including an older prisoner named Red -- for his integrity and unquenchable sense of hope.",2026-08-21T06:47:17.081756,PLl99DlL6b4,Official Trailer,Trailer,https://www.youtube.com/watch?v=PLl99DlL6b4
1564614,Leviticus,2026-06-17,86.6611,6.7,394,"[27, 10749]",Two teenage boys must escape a violent entity that takes the form of the person they desire most:  each other.,2026-08-21T06:47:17.081759,WXuK0vlFxII,Official Trailer,Trailer,https://www.youtube.com/watch?v=WXuK0vlFxII
936075,Michael,2026-04-22,76.575,8.7,4094,"[10402, 18]","The story of Michael Jackson, one of the most influential artists the world has ever known, and his life beyond the music. His journey from the discovery of his extraordinary talent as the lead of the Jackson Five, to the visionary artist whose creative ambition fueled a relentless pursuit to become the biggest entertainer in the world, highlighting both his life off-stage and some of the most iconic performances from his early solo career.",2026-08-21T06:47:17.081762,mbtgEE6rkxw,Official Trailer,Trailer,https://www.youtube.com/watch?v=mbtgEE6rkxw
1127384,Deep Water,2026-04-30,67.4001,7.122,407,"[27, 53]",A group of international passengers on a flight from Los Angeles to Shanghai is forced to make an emergency landing in shark-infested waters. The terrified group is forced to work together and overcome their differences if they hope to escape their sinking plane and the frenzy of sharks drawn to the wreckage.,2026-08-21T06:47:17.081765,f0ptq0Lzdh8,Official Trailer,Trailer,https://www.youtube.com/watch?v=f0ptq0Lzdh8
1290821,Shelter,2026-01-28,59.2755,7.787,1725,"[28, 80, 53]","A man living in self-imposed exile on a remote island rescues a young girl from a violent storm, setting off a chain of events that forces him out of seclusion to protect her from enemies tied to his past.",2026-08-21T06:47:17.081767,auHiLFjaIc0,Shelter | Official Trailer | Only In Theaters January 30,Trailer,https://www.youtube.com/watch?v=auHiLFjaIc0
1291595,Insidious: Out of the Further,2026-08-19,59.0625,6.536,14,"[27, 53]","Gemma, a young mother raising her daughter in the house she grew up in, discovers she can travel into The Further, where she possesses an ability to bring what lives there back to the real world.",2026-08-21T06:47:17.081770,jxU8FU3o75A,Official Trailer,Trailer,https://www.youtube.com/watch?v=jxU8FU3o75A
671,Harry Potter and the Philosopher's Stone,2001-11-16,42.8907,7.902,30048,"[12, 14]","Harry Potter has lived under the stairs at his aunt and uncle's house his whole life. But on his 11th birthday, he learns he's a powerful wizard—with a place waiting for him at the Hogwarts School of Witchcraft and Wizardry. As he learns to harness his newfound powers with the help of the school's kindly headmaster, Harry uncovers the truth about his parents' deaths—and about the villain who's to blame.",2026-08-21T06:47:17.081772,l91Km49W9qI,Official Trailer,Trailer,https://www.youtube.com/watch?v=l91Km49W9qI
1413976,Citizen Vigilante,2026-06-19,43.435,6.376,336,"[53, 28, 80]","A man takes justice into his own hands, hunting down criminals. His vigilante crusade makes him a social media star but puts him at odds with the local police chief.",2026-08-21T06:47:17.081775,0ww8snVKe0A,Official Trailer,Trailer,https://www.youtube.com/watch?v=0ww8snVKe0A
1325734,The Drama,2026-04-01,34.2169,6.916,1604,"[10749, 35, 18]",A happily engaged couple is put to the test when an unexpected turn sends their wedding week off the rails.,2026-08-21T06:47:17.081778,6zmKcUa4Xxk,Official Trailer,Trailer,https://www.youtube.com/watch?v=6zmKcUa4Xxk
1122573,In the Grey,2026-05-13,35.9147,7.585,740,"[28, 53]","A covert team of elite operatives are living in the shadows. When a ruthless despot steals a billion-dollar fortune, they're sent to take it back—an impossible heist that erupts into a deadly game of strategy, deception and survival.",2026-08-21T06:47:17.081780,nufP15iN4GE,Official Trailer,Trailer,https://www.youtube.com/watch?v=nufP15iN4GE
1308767,Young Washington,2026-07-02,31.769,7.741,87,"[36, 10752, 18]","Before he led a nation, George Washington was a young soldier thrown into a global conflict. With alliances crumbling and war closing in, he must choose who to trust and confront the leader he's becoming.",2026-08-21T06:47:17.081783,LJek-kc384w,Official Trailer,Trailer,https://www.youtube.com/watch?v=LJek-kc384w
1516698,The Last Sunrise,2026-08-26,45.0197,0.0,0,"[10749, 18]","Ry, a college student with a chronic illness escapes to Mallorca for the summer with her mother, where she unexpectedly falls for a local and begins to embrace living in the moment. But as her condition worsens and long-hidden family secrets come to light, everything she has found before summer's end is threatened.",2026-08-21T06:47:17.401999,NhI2UpkFAFw,Official Trailer,Trailer,https://www.youtube.com/watch?v=NhI2UpkFAFw
12444,Harry Potter and the Deathly Hallows: Part 1,2010-11-17,33.7164,7.733,20683,"[12, 14]","Harry, Ron and Hermione walk away from their last year at Hogwarts to find and destroy the remaining Horcruxes, putting an end to Voldemort's bid for immortality. But with Harry's beloved Dumbledore dead and Voldemort's unscrupulous Death Eaters on the loose, the world is more dangerous than ever.",2026-08-21T06:47:17.402010,Su1LOpjvdZ4,Main Trailer,Trailer,https://www.youtube.com/watch?v=Su1LOpjvdZ4
672,Harry Potter and the Chamber of Secrets,2002-11-13,34.4327,7.707,23933,"[12, 14]","Cars fly, trees fight back, and a mysterious house-elf comes to warn Harry Potter at the start of his second year at Hogwarts. Adventure and danger await when bloody writing on a wall announces: The Chamber Of Secrets Has Been Opened. To save Hogwarts will require all of Harry, Ron and Hermione's magical abilities and courage.",2026-08-21T06:47:17.402014,nE11U5iBnH0,Official Trailer,Trailer,https://www.youtube.com/watch?v=nE11U5iBnH0
674,Harry Potter and the Goblet of Fire,2005-11-16,34.0631,7.801,22516,"[12, 14]","When his name emerges from the Goblet of Fire, Harry Potter becomes a competitor in a grueling battle for glory among three wizarding schools. Signs of Voldemort's return emerge as Harry's friends help him prepare for the Triwizard Tournament.",2026-08-21T06:47:17.402017,4xkFJgcCQRE,UK Trailer,Trailer,https://www.youtube.com/watch?v=4xkFJgcCQRE
1430698,The Bay,2026-07-02,33.5699,5.729,24,"[53, 27]","Best friends Emma and Lani, attending a destination wedding in Thailand, find themselves trapped on a sinking tour boat in the heart of a tiger shark sanctuary.",2026-08-21T06:47:17.402019,aqRoxJdq1i4,Official Trailer,Trailer,https://www.youtube.com/watch?v=aqRoxJdq1i4
1185806,PAW Patrol: The Dino Movie,2026-07-23,32.2105,7.0,34,"[16, 12, 10751, 14, 35]","The Paw Patrol lands on a mysterious dinosaur island after a storm, where they meet Rex, a stranded pup. When Humdinger's reckless mining triggers a volcano, the team faces their biggest rescue mission yet to save the island.",2026-08-21T06:47:17.402023,xgI5iYmOf5Q,Official Trailer,Trailer,https://www.youtube.com/watch?v=xgI5iYmOf5Q
673,Harry Potter and the Prisoner of Azkaban,2004-05-31,32.7176,8.01,23509,"[12, 14]",Harry Potter's life is in danger once more as dangerous wizard Sirius Black has escaped from Azkaban Prison and is heading to Hogwarts.,2026-08-21T06:47:17.402025,VwErvYgoH70,Harry Potter and the Prisoner of Azkaban - Warner Bros. UK,Trailer,https://www.youtube.com/watch?v=VwErvYgoH70
12445,Harry Potter and the Deathly Hallows: Part 2,2011-07-12,32.8894,8.081,22313,"[12, 14]","Harry, Ron and Hermione continue their quest to vanquish the evil Voldemort once and for all. Just as things begin to look hopeless for the young wizards, Harry discovers a trio of magical objects that endow him with powers to rival Voldemort's formidable skills.",2026-08-21T06:47:17.402028,kwM3kN8PNOc,Official Trailer #2,Trailer,https://www.youtube.com/watch?v=kwM3kN8PNOc
1469342,Her Private Hell,2026-07-23,30.2181,5.2,46,"[878, 27, 53]","When a mysterious mist engulfs a futuristic metropolis, unleashing a deadly and elusive entity, a troubled young woman searches for her father. Her quest collides with an American GI on a harrowing odyssey to rescue his daughter from Hell.",2026-08-21T06:47:17.402030,C7E-0t1TfzM,Official Trailer,Trailer,https://www.youtube.com/watch?v=C7E-0t1TfzM
675,Harry Potter and the Order of the Phoenix,2007-07-08,30.5963,7.673,21115,"[12, 14]","When a new professor's methods leave Hogwarts unprepared to fight the rising tide of evil, Harry teaches students how to defend against the dark arts.",2026-08-21T06:47:17.402033,47PHbQTmw5g,Trailer,Trailer,https://www.youtube.com/watch?v=47PHbQTmw5g
767,Harry Potter and the Half-Blood Prince,2009-07-15,29.0396,7.682,21084,"[12, 14]",Dumbledore tries to prepare Harry for the final battle with Voldemort while Death Eaters wreak havoc in both Muggle and Wizard worlds.,2026-08-21T06:47:17.402036,tAiy66Xrsz4,Official Trailer,Trailer,https://www.youtube.com/watch?v=tAiy66Xrsz4
280,Terminator 2: Judgment Day,1991-07-03,29.3377,8.163,14679,"[28, 53, 878]","Ten years after the events of the original, a reprogrammed T-800 is sent back in time to protect young John Connor from the shape-shifting T-1000. Together with his mother Sarah, he fights to stop Skynet from triggering a nuclear apocalypse.",2026-08-21T06:47:17.402038,lwSysg9o7wE,New Trailer -  Official (2015),Trailer,https://www.youtube.com/watch?v=lwSysg9o7wE
1433367,One Night Only,2026-07-28,25.3631,6.848,33,"[35, 10749]",Two love-starved strangers crash into each other on the one night of the year when single people are allowed to have sex.,2026-08-21T06:47:17.402041,AvKoSR3O4NQ,Official Trailer,Trailer,https://www.youtube.com/watch?v=AvKoSR3O4NQ
1545621,Detective Conan: Fallen Angel of the Highway,2026-04-10,21.3172,7.563,16,"[16, 28, 9648, 80]","When a string of deadly highway incidents begin, Conan Edogawa's investigations point towards an orchestrated plot rather than mere accidents. As he uncovers a conspiracy involving hidden identities and advanced technology, the case escalates into a high-speed race against time to stop a calculating mastermind before more lives are lost.",2026-08-21T06:47:17.402044,qgn49U52AU0,UK Official Trailer [Subtitled],Trailer,https://www.youtube.com/watch?v=qgn49U52AU0
1101412,Fall 2: Deadpoint,2026-08-07,27.6973,0.0,0,[53],"On a perilous climb across Thailand's Mount Kwan, two climbers become trapped thousands of feet above the ground, where vertigo-inducing heights, sheer exposure, and impossible odds turn every moment into a fight for survival.",2026-08-21T06:47:17.402047,Krs0VDIjhmE,Official Trailer 2,Trailer,https://www.youtube.com/watch?v=Krs0VDIjhmE
1240889,Teenage Sex and Death at Camp Miasma,2026-08-06,24.5546,7.056,27,"[35, 27, 10749]","After years of slapdash sequels and waning fandom, the Camp Miasma slasher franchise is handed over to an enthusiastic young director for resurrection. But when she visits the original's star, a now-reclusive actress shrouded in mystery, the two women fall into a blood-soaked world of desire, fear, and delirium.",2026-08-21T06:47:17.402049,j9TsiTgYZGw,Official Vertical Trailer,Trailer,https://www.youtube.com/watch?v=j9TsiTgYZGw
1321008,Black Box,2026-06-25,25.284,6.262,61,"[27, 53]","A routine domestic flight turns into the flight from hell through a series of inexplicable phenomena and raw terror. Surreal encounters blur the boundaries between reality and nightmare. Passengers fight against all the odds in an attempt to survive while combating bizarre technological malfunctions, accelerating supernatural events and alien influences.",2026-08-21T06:47:17.402052,y-nf8hUFd98,Official Trailer,Trailer,https://www.youtube.com/watch?v=y-nf8hUFd98
1477712,Ice Cream Man,2026-08-03,20.2391,4.976,42,[27],An idyllic summer town descends into madness when an ice cream man serves kids sweet delights with horrifying results.,2026-08-21T06:47:17.402054,Cgw3zNmFtRo,Official International Trailer,Trailer,https://www.youtube.com/watch?v=Cgw3zNmFtRo
1204680,Coyote vs. Acme,2026-08-20,22.0852,0.0,0,"[35, 12, 10751, 16]","After Acme products fail him one too many times in his dogged pursuit of the Roadrunner, Wile E. Coyote decides to hire a billboard lawyer to sue the Acme Corporation.",2026-08-21T06:47:17.402057,H-43VeYGiPM,Official Trailer,Trailer,https://www.youtube.com/watch?v=H-43VeYGiPM
1279493,The Get Out,2026-06-18,19.9038,6.219,57,"[28, 53]","A nightclub owner is on the verge of leaving his dangerous past behind for retirement with his girlfriend. When masked gunmen rob him and he finds himself squeezed by ruthless cartels, a mysterious newcomer arrives with an interest in buying the business. With danger closing in from all sides, he must navigate a deadly web of deception, power, and survival  -  where escape may no longer be an option.",2026-08-21T06:47:17.402060,oB6HNuKxLmo,The Get Out | Official Trailer (HD) | Vertical,Trailer,https://www.youtube.com/watch?v=oB6HNuKxLmo
1384216,The Dog Stars,2026-08-26,19.0121,0.0,0,"[878, 12, 53]","After the world's population has been ravaged by a pandemic, a man lives a lonesome existence in a Colorado airplane hangar with his dog and a dour gunman he has befriended. When a mysterious transmission comes through on the radio while he’s flying his old Cessna, it sparks a hunt for the provenance of the sound.",2026-08-21T06:47:17.724238,-xSxaE1ClEE,Official Trailer,Trailer,https://www.youtube.com/watch?v=-xSxaE1ClEE
615,The Passion of the Christ,2004-02-25,18.8618,7.542,5295,[18],A graphic portrayal of the last twelve hours of Jesus of Nazareth's life.,2026-08-21T06:47:17.724251,ezOafmA21NY,Official Trailer ‘Fathom Screening Event’,Trailer,https://www.youtube.com/watch?v=ezOafmA21NY
920,Cars,2006-06-08,18.4354,7.047,15390,"[16, 12, 35, 10751]","Lightning McQueen, a hotshot rookie race car driven to succeed, discovers that life is about the journey, not the finish line, when he finds himself unexpectedly detoured in the sleepy Route 66 town of Radiator Springs. On route across the country to the big Piston Cup Championship in California to compete against two seasoned pros, McQueen gets to know the town's offbeat characters.",2026-08-21T06:47:17.724255,bOs0p2E4sZw,Trailer #1,Trailer,https://www.youtube.com/watch?v=bOs0p2E4sZw
1318413,Pressure,2026-05-25,18.3578,7.7,308,"[53, 36, 10752]","In the tense 72 hours before D-Day, and the fate of the free world hanging in the balance, General Dwight D. Eisenhower and Captain James Stagg face an impossible choice—launch the largest and most dangerous seaborne invasion in history or risk losing the war altogether.",2026-08-21T06:47:17.724258,urSij5ZVhBc,Official US Trailer,Trailer,https://www.youtube.com/watch?v=urSij5ZVhBc
1283671,Peak Everything,2025-08-08,18.2458,6.0,11,"[35, 10749, 18]","A kennel owner, grappling with climate anxiety, falls in love with a customer service rep over the phone. Amid a natural disaster, he embarks on an adventurous, bilingual romantic journey to find her.",2026-08-21T06:47:17.724261,zWQUztI-v58,PEAK EVERYTHING Trailer | TIFF 2025,Trailer,https://www.youtube.com/watch?v=zWQUztI-v58
1058424,Hope,2026-07-15,18.0158,8.091,22,"[878, 9648, 28]","In the remote South Korean village of Hope Harbor, police chief Bum-seok and officer Sung-ae are called to investigate a mysterious creature wreaking havoc on the community. But all is not as it seems, and perceptions can be misleading. What begins as ignorance plants the seed of disaster, escalating through human conflict into a tragedy of cosmic proportions.",2026-08-21T06:47:17.724264,mYRc2Gl7geY,Official Trailer [Subtitled],Trailer,https://www.youtube.com/watch?v=mYRc2Gl7geY
1246049,Dracula,2025-07-30,17.1418,7.234,1432,"[27, 14, 10749]","In late 15th-century Eastern Europe, Prince Vlad II’s bride is brutally murdered. As a result, he renounces God and damns Heaven itself. Cursed with eternal life, Vlad is reborn as Dracula, an immortal warlord who defies fate in a blood-soaked crusade to wrench his lost love back from death.",2026-08-21T06:47:17.724267,hverb7siYJ8,Official US Trailer,Trailer,https://www.youtube.com/watch?v=hverb7siYJ8
1470130,The Mortuary Assistant,2026-02-13,16.9915,5.364,136,"[27, 9648]","Rebecca Owens, a recent mortuary science graduate takes a night shift job at River Fields Mortuary. Initially, the job seems straightforward — embalming bodies, completing paperwork, and keeping things tidy. But once Rebecca starts working the night shift, things take a dark turn.",2026-08-21T06:47:17.724269,YtY6JoPX5MU,Official Trailer,Trailer,https://www.youtube.com/watch?v=YtY6JoPX5MU
9323,Ghost in the Shell,1995-11-18,16.7178,7.925,3997,"[28, 16, 878]","In the year 2029, the barriers of our world have been broken down by the net and by cybernetics, but this brings new vulnerability to humans in the form of brain-hacking. When a highly-wanted hacker known as 'The Puppetmaster' begins involving them in politics, Section 9, a group of cybernetically enhanced cops, are called in to investigate and stop the Puppetmaster.",2026-08-21T06:47:17.724272,8RF09G8Ymqg,Official IMAX Trailer,Trailer,https://www.youtube.com/watch?v=8RF09G8Ymqg
1341138,Spa Weekend,2026-08-20,16.327,7.5,2,[35],"Four lifelong friends realize that somewhere between careers, relationships, families, and everyday responsibilities, they’ve forgotten how to take care of themselves—and each other. Burned out and overdue for a break, the women escape to a luxury spa retreat for an unforgettable weekend dedicated to fun, laughter, and a lot of really bad decisions.",2026-08-21T06:47:17.724275,9p7j3UvpEQQ,Official Trailer,Trailer,https://www.youtube.com/watch?v=9p7j3UvpEQQ
1671548,Dear You,2026-04-30,16.0317,9.211,45,"[18, 10751, 35]","Xiaowei travels to Thailand to find his ""billionaire grandfather"" who is out of contact due to debt problems, but unexpectedly find the one who has been corresponding with his grandmother for years is not her husband.",2026-08-21T06:47:17.724277,abeSQSbNXSk,Official US Trailer [Subtitled],Trailer,https://www.youtube.com/watch?v=abeSQSbNXSk
1397485,Girls Like Girls,2026-06-18,15.6528,6.9,31,"[10749, 18]","After her mother's passing, 17-year-old Coley navigates new feelings of intimacy with Sonya in rural Oregon, where both girls must overcome their mutual uncertainties and self-doubt to embrace their connection.",2026-08-21T06:47:17.724280,ZC1kEknG2ro,Official Trailer,Trailer,https://www.youtube.com/watch?v=ZC1kEknG2ro
1232569,Pinocchio: Unstrung,2026-07-22,15.5451,7.685,27,"[27, 14, 9648]","Influenced by a sinister Cricket and created by Geppetto, Pinocchio launches a violent crusade to carve himself into a real boy like his brother James, one piece at a time.",2026-08-21T06:47:17.724283,_VHIU9dIAWQ,Official Trailer,Trailer,https://www.youtube.com/watch?v=_VHIU9dIAWQ
149,Akira,1988-06-10,12.9204,7.9,4911,"[16, 878, 28]",A secret military project endangers Neo-Tokyo when it turns a biker gang member into a rampaging psychic psychopath that only two teenagers and a group of psychics can stop.,2026-08-21T06:47:17.724286,Jq4ER-P6NCQ,AKIRA returns in 4K to UK cinemas 17th April,Trailer,https://www.youtube.com/watch?v=Jq4ER-P6NCQ
1288059,I Want Your Sex,2026-07-29,12.901,6.1,16,[35],"When fresh-faced Elliot lands an exciting job for renowned artist, icon and provocateur Erika Tracy, his fantasies come true as Erika taps him to become her sexual muse. But Elliot soon finds himself out of his depth as Erika takes him on a journey more profound than he ever could have imagined, into a world of sex, obsession, power, betrayal and murder.",2026-08-21T06:47:17.724288,q5oWCPS3akw,Official Trailer (4K),Trailer,https://www.youtube.com/watch?v=q5oWCPS3akw
1124142,The Rivals of Amziah King,2026-08-13,12.6213,7.7,11,"[80, 18, 53]","Deep within the backwoods of rural Oklahoma, charismatic and musically gifted Amziah King herds a bluegrass-playing band of misfits while overseeing the premier honey-making operation in town. When Amziah’s estranged foster daughter unexpectedly returns, Amziah leaps at the possibility to renew connection and create a family business. But the honey game is ruthless, and Amziah’s rivals threaten to destroy everything he has built.",2026-08-21T06:47:17.724291,GwSvAyaMGMo,Official Trailer,Trailer,https://www.youtube.com/watch?v=GwSvAyaMGMo
1423191,Resident Evil,2026-09-16,12.4421,0.0,0,"[27, 878]","Bryan, a medical courier, unwittingly finds himself fighting for survival as one fateful, horrifying night collapses around him in chaos.",2026-08-21T06:47:17.724293,mNd1gb19A-c,Official Trailer,Trailer,https://www.youtube.com/watch?v=mNd1gb19A-c
1329016,Tony,2026-08-07,12.4265,7.7,13,"[18, 35]","A 19-year-old Anthony Bourdain travels to Provincetown and stumbles into the chaotic world of a restaurant kitchen, setting off a summer that will shape the course of his life.",2026-08-21T06:47:17.724296,k1MVnzd2aVc,Official Trailer,Trailer,https://www.youtube.com/watch?v=k1MVnzd2aVc
1116201,Iron Lung,2026-01-30,12.2795,6.936,397,"[27, 9648, 878]","In a post-apocalyptic future where an event known as ""The Quiet Rapture"" caused all known stars and habitable planets in the universe to disappear, a convict is sent to search an ocean of blood discovered on a desolate moon, using a small submarine nicknamed the ""Iron Lung"".",2026-08-21T06:47:17.724298,7qRf_f_bbUk,Official Trailer,Trailer,https://www.youtube.com/watch?v=7qRf_f_bbUk
414419,Kill Bill: The Whole Bloody Affair,2011-03-27,11.953,8.119,1386,"[28, 80]","A former assassin, known simply as The Bride, wakes from a coma four years after her jealous ex-lover Bill attempts to murder her on her wedding day. Fueled by an insatiable desire for revenge, she vows to get even with every person who contributed to the loss of her unborn child, her entire wedding party, and four years of her life.  After devising a hit list, The Bride sets off on her quest, enduring unspeakable injury and unscrupulous enemies.",2026-08-21T06:47:17.724301,qbUz68h9BFo,Official Trailer,Trailer,https://www.youtube.com/watch?v=qbUz68h9BFo
1502135,Secret File,2026-08-28,9.6042,0.0,0,"[18, 9648]","A secret archive documenting the earliest revolutionary work of the Chinese Communist Party—the ""Central Archives""—was successfully protected through the resilience and sacrifices of its guardians (both Party members and non-members) amid the turmoil and bloodshed from 1931 to 1949.",2026-08-21T06:47:18.047340,,,,
1213243,Toxic: A Fairy Tale for Grown-ups,2026-08-26,11.3292,0.0,0,"[28, 80, 18]","As Portuguese rule crumbles in Goa, Raya rises through betrayal and bloodshed to claim the city’s underworld, only to learn that power always demands a price.",2026-08-21T06:47:18.047350,EfluEyQ5QIA,Official English Trailer,Trailer,https://www.youtube.com/watch?v=EfluEyQ5QIA
1140521,The Magic Faraway Tree,2026-03-26,10.6812,6.1,57,"[12, 10751, 14]","A modern family relocates to the countryside where the children discover a magical tree with eccentric residents. They're transported to fantastical lands, rekindling their family bond through adventures.",2026-08-21T06:47:18.047354,PAUEwUhAjzg,Official Trailer,Trailer,https://www.youtube.com/watch?v=PAUEwUhAjzg
1302904,Practical Magic 2,2026-09-09,10.527,0.0,0,"[10749, 14, 35, 18]",The Owens sisters must confront the dark curse that threatens to unravel their family once and for all.,2026-08-21T06:47:18.047358,Ho10_4IX1jE,Official Trailer,Trailer,https://www.youtube.com/watch?v=Ho10_4IX1jE
1476682,Gail Daughtry and the Celebrity Sex Pass,2026-07-09,9.6889,6.5,21,[35],"Small-town Kansas hairdresser Gail Daughtry's fiancé uses his 'celebrity sex pass' on Jennifer Aniston, prompting Gail to travel to LA with her friend Otto to find her own pass, Jon Hamm, to even the score.",2026-08-21T06:47:18.047361,GEbaLieo_Kw,Official Trailer,Trailer,https://www.youtube.com/watch?v=GEbaLieo_Kw
1465063,Forgotten Island,2026-09-16,11.7344,0.0,0,"[12, 16, 35, 10751, 14]","While celebrating their last night together, high school graduates and best friends Jo and Raissa stumble upon a mysterious portal that transports them to the fantastical island of Nakali. When they discover that the memories of their entire friendship are the price for returning home, Jo and Raissa will race to find a way to leave the island before they forget each other forever.",2026-08-21T06:47:18.047364,f7mFVeWnVLw,Official New Trailer,Trailer,https://www.youtube.com/watch?v=f7mFVeWnVLw
1404684,Just an Illusion,2026-04-15,8.3877,7.4,180,"[35, 18]","In 1985 suburban Paris, 12-year-old Vincent lives with his distant older brother and quarrelling parents. Amid laughter and unease, he navigates friendship and first love, while beginning to confront the adult world.",2026-08-21T06:47:18.047367,vZtK0AdeXk8,Trailer [Subtitled],Trailer,https://www.youtube.com/watch?v=vZtK0AdeXk8
1284016,Power Ballad,2026-05-18,9.7787,7.1,90,"[35, 10402, 18]","When Rick, a past-his-prime wedding singer, meets fading boy-band star Danny during a gig, the two bond over music and a late-night jam session. But when Danny turns one of Rick’s songs into the hit that reignites his career, Rick sets out to reclaim the recognition he believes he deserves - even if it means risking everything he cares about.",2026-08-21T06:47:18.047370,-faiHUsbP_U,Official International Trailer,Trailer,https://www.youtube.com/watch?v=-faiHUsbP_U
1339175,The Birthday Party,2026-04-17,8.0225,5.75,6,[18],"The late 1970s, somewhere in the Mediterranean: Marcos Timoleon, a tycoon, is throwing a lavish, extravagant birthday party for Sofia on his exclusive private island. The party is a perfect excuse for various people in his life to approach him with their own agendas.",2026-08-21T06:47:18.047372,7dujBWLtscc,The Birthday Party | Official Trailer,Trailer,https://www.youtube.com/watch?v=7dujBWLtscc
1742914,No Handouts,2026-09-14,8.4466,0.0,0,"[878, 18, 80]","In a hyper-capitalistic future, rookie EMT Joanna Broz finds herself in a struggle between job security and an Innocent boy's life.",2026-08-21T06:47:18.047375,,,,
1287322,Christy,2025-10-27,8.1596,7.057,220,"[36, 18]","Christy Martin never imagined life beyond her small-town roots in West Virginia—until she discovered a knack for punching people. Fueled by grit, raw determination, and an unshakable desire to win, she charges into the world of boxing under the guidance of her trainer and manager-turned-husband, Jim. But while Christy flaunts a fiery persona in the ring, her toughest battles unfold outside it—confronting family, identity, and a relationship that just might become life-or-death.",2026-08-21T06:47:18.047377,hSHwFDPfeV8,Official Trailer,Trailer,https://www.youtube.com/watch?v=hSHwFDPfeV8
1422011,It Ends,2026-08-21,9.002,5.2,13,"[27, 9648]","A group of recent grads head out on a late night drive for grub, hoping to enjoy one final hangout before their paths diverge. Instead, they accidentally turn onto a never-ending, two-lane hellscape surrounded by untold horrors and cosmic forces beyond their understanding. Cramped together inside a Jeep Cherokee and with the miles stretching infinitely ahead, they face a choice: embrace their new existence or fight to escape it.",2026-08-21T06:47:18.047380,zFszhQLMNXU,Official Trailer,Trailer,https://www.youtube.com/watch?v=zFszhQLMNXU
1377237,Runner,2026-09-10,8.7797,0.0,0,"[28, 35, 53]",A former soldier and his unlikely partner become the targets of a ruthless cartel while racing to complete a critical medical delivery and save the life of a little girl.,2026-08-21T06:47:18.047383,B6Z9MM1LhEA,UK Trailer,Trailer,https://www.youtube.com/watch?v=B6Z9MM1LhEA
1586876,Chiikawa the Movie: The Secret of the Mermaid Island,2026-07-24,8.8828,7.0,5,"[16, 10751, 12, 14]","Chiikawa and friends set off on a whimsical summer adventure to a mysterious island said to hide a long-lost mermaid secret. What starts as a fun getaway quickly turns into a heartwarming journey filled with surprises, gentle thrills, and adorable chaos. With sparkling seas, strange legends, and unforgettable encounters, the trio learns about courage, friendship, and the magic hidden in small moments.",2026-08-21T06:47:18.047386,,,,
9327,The Nutty Professor,1996-06-28,9.104,5.646,3180,"[35, 878, 10749]","When beautiful Carla Purty joins the university faculty, genetic professor Dr. Sherman Klump grows desperate to whittle his 400-pound frame down to size and win her heart. So, with one swig of his experimental fat-reducing serum, Sherman becomes 'Buddy Love', a fast-talking, pumped-up, plumped down Don Juan.",2026-08-21T06:47:18.047388,FFVbS0qm0TI,The Nutty Professor - Trailer,Trailer,https://www.youtube.com/watch?v=FFVbS0qm0TI
1217584,Torrente for President,2026-03-13,8.513,6.189,143,[35],"Years have passed since his last adventure, but José Luis Torrente, the most politically incorrect former cop in Spain, still sees himself as a national hero.",2026-08-21T06:47:18.047391,,,,
1497970,Tom and Jerry: Forbidden Compass,2025-08-02,8.577,6.5,52,"[16, 35, 10751, 14, 12]","During a chase inside a museum, Tom and Jerry find an ancient magical compass and end up being transported through time. Lost in a distant era, they will need to work together to find a way back home.",2026-08-21T06:47:18.047394,VBPlpfK6zXg,Official Trailer,Trailer,https://www.youtube.com/watch?v=VBPlpfK6zXg
1432474,Nimrods,2026-08-06,7.5746,7.2,8,"[35, 10402]","Three friends journey from Kansas City to Los Angeles, mistakenly believing that their band is opening for Green Day on New Year’s Eve.",2026-08-21T06:47:18.047403,5mtbOhpqroo,Official Trailer,Trailer,https://www.youtube.com/watch?v=5mtbOhpqroo
1433568,The Rope Curse 4: Kuntilanak,2026-08-27,8.5185,0.0,0,"[53, 9648, 27]","A forbidden exorcism is livestreamed in Indonesia, awakening the legendary female spirit Kuntilanak. What begins as an online spectacle quickly turns deadly. In Taiwan, Mila watches the ritual—and becomes the curse’s first victim. Soon, mysterious deaths and violent possessions follow. When Yulan collapses and is found to have lost part of her soul, it becomes clear that this is not an isolated incident, but a transnational curse. Seeking answers, Mila’s son returns her ashes to Indonesia, hoping to uncover the truth behind her death. Instead, he steps into a nightmare rooted in ancient folklore and unresolved hatred. As supernatural violence escalates, the group realizes that once Kuntilanak is summoned, the curse will not stop—until it claims everything in its path.",2026-08-21T06:47:18.047406,,,,
1330421,Bone Lake,2025-10-02,7.181,5.9,226,"[27, 9648, 53]","A couple’s romantic vacation at a secluded lakeside estate is upended when they are forced to share the mansion with a mysterious and attractive couple. In this darkly hilarious and seductive horror story, a dream getaway spirals into a nightmarish maze of sex, lies, and manipulation, bringing terrifying secrets to light and triggering a bloody battle for survival.",2026-08-21T06:47:18.047408,mQy7BuW-R6c,Official Trailer,Trailer,https://www.youtube.com/watch?v=mQy7BuW-R6c
1440098,Drawn Together,2026-09-09,9.4647,0.0,0,"[10749, 18, 53]","Marfil Cortés, a daughter of a wealthy Spanish businessman, is kidnapped and released, leading her father to hire Sebastian Moore as a bodyguard. Despite initial clashes, they form an irremediable attraction, navigating a world where no one is who they say they are.",2026-08-21T06:47:18.389240,WlGzP8FvsfY,Official Trailer [Subtitled],Trailer,https://www.youtube.com/watch?v=WlGzP8FvsfY
1541125,Make Zhonghe Great Again,2026-07-24,7.2677,7.0,1,"[35, 18]","After encountering a standout colleague from a company event, Liu Ben, a section chief at Zhonghe Group's branch, embarks on a quirky professional journey with him, uncovering their true self-worth through chaotic workplace challenges.",2026-08-21T06:47:18.389251,,,,
1284186,Sacrifice,2026-04-09,7.2436,4.9,4,"[12, 35, 28]","At an elite fundraising gala, celebrities and socialites find themselves in danger when armed activists storm the venue in pursuit of a legendary relic that could unlock supernatural powers.",2026-08-21T06:47:18.389255,,,,
1401778,Turbulence,2025-11-26,6.9391,6.471,175,"[53, 28, 12, 18, 14]","Young married couple Zach and Emmy decide to take a hot air balloon trip across the Italian Dolomites to rekindle their relationship. When they and pilot Harry are joined by a third passenger, Julia, events unfold in ways they could never imagine five thousand meters in the air.",2026-08-21T06:47:18.389258,qbJt-u9L7cA,Official UK Trailer,Trailer,https://www.youtube.com/watch?v=qbJt-u9L7cA
1165366,De Gaulle: Résistance,2026-06-03,6.8042,7.8,175,"[36, 18]","June, 1940. France collapses and signs the armistice. In the midst of the chaos, one man refuses to give up. Alone against the odds, this unknown general flees to London to save what remains of freedom.",2026-08-21T06:47:18.389260,cvMHOrYgYSw,De Gaulle: Resistance - Trailer,Trailer,https://www.youtube.com/watch?v=cvMHOrYgYSw
1633056,All Wishes Come True!,2026-07-10,6.2886,8.0,18,"[35, 16, 14, 12]","Eight grassroot mortals use their street smarts and hilarious schemes to defy powerful gods, earning their title as the Eight Immortals.",2026-08-21T06:47:18.389263,mvpFrJ5O2Ww,International Ultimate Trailer [Subtitled],Trailer,https://www.youtube.com/watch?v=mvpFrJ5O2Ww
1285669,LifeHack,2026-05-15,6.1767,7.0,15,"[53, 80]","Four teenage slackers attempt a multi-million-dollar Bitcoin heist from their bedrooms, only to spiral into the darkest corners of the internet - and a danger beyond their computer screens.",2026-08-21T06:47:18.389266,TxxUGasZUNo,Official Trailer,Trailer,https://www.youtube.com/watch?v=TxxUGasZUNo
1088548,Bitter Christmas,2026-03-20,6.5192,6.283,122,"[18, 35]","In 2025 Spain, a celebrated film director struggles to write the screenplay for an autofictional film set in 2004 Spain about an unsuccessful movie director turned director of commercials who suffers a panic attack that forces her to take a break by visiting the Canary Islands, where she begins work on a new film.",2026-08-21T06:47:18.389268,NUvdMKtFXBw,Official UK & IRE Trailer [Subtitled],Trailer,https://www.youtube.com/watch?v=NUvdMKtFXBw
1742283,Tikus!,2026-09-03,6.5426,0.0,0,[9648],A group of people are marooned at an isolated wellness retreat because of floods. One by one each of them gets killed as it's slowly revealed there is a murderer among them.,2026-08-21T06:47:18.389271,zP-A0q7aVko,TIKUS!  | Official Trailer | 4K,Trailer,https://www.youtube.com/watch?v=zP-A0q7aVko
1280015,Sunny Dancer,2026-08-12,6.4176,6.643,7,"[18, 35]","Ivy is a teenager in remission from cancer, whose mum and dad insist she attend Children Run Free Camp, a summer retreat for young adults affected by cancer. However, as Ivy is reluctantly dragged through camp experience, she discovers new feelings with new friends.",2026-08-21T06:47:18.389273,-W_a2oCFNOY,Official US Trailer,Trailer,https://www.youtube.com/watch?v=-W_a2oCFNOY
1064307,Spermageddon,2024-12-28,6.4205,6.489,137,"[16, 12, 14, 35]","Two narrative threads: one is an emerging love story between awkward teens Jens and Lisa, who are having sex for the first time; the other, an eventful quest of Simon the Semen and his friends to reach the golden goal, the Egg.",2026-08-21T06:47:18.389276,a9qxc6AWdPg,Official Trailer 1,Trailer,https://www.youtube.com/watch?v=a9qxc6AWdPg
445466,Idiots,2026-08-20,5.2636,0.0,0,"[35, 80]","When two unqualified bozos are hired to transfer a rich teen to rehab, their straightforward gig quickly spirals into dangerous mayhem.",2026-08-21T06:47:18.389278,UoAf0LNAn30,Official Trailer,Trailer,https://www.youtube.com/watch?v=UoAf0LNAn30
822653,Puella Magi Madoka Magica the Movie -Walpurgisnacht: Rising-,2026-08-28,6.2117,0.0,0,"[16, 18, 9648, 14]","After the events of Rebellion, the world appears to be in balance—but that peace is fragile. As a new threat connected to Walpurgisnacht emerges, Homura Akemi is forced to face the consequences of her choices and question how far she is willing to go to protect Madoka.",2026-08-21T06:47:18.389281,g0CsWEIb6D4,Official Trailer 3 [Subtitled],Trailer,https://www.youtube.com/watch?v=g0CsWEIb6D4
1437939,Cocorico 2,2026-04-08,5.2713,5.1,42,[35],DNA tests before Alice and François's wedding reveal their fathers - an aristocrat and car dealer - aren't as French as they thought.,2026-08-21T06:47:18.389286,cIlv1HQAc14,"COCORICO 2 Bande Annonce (2026) Christian Clavier, Didier Bourdon",Trailer,https://www.youtube.com/watch?v=cIlv1HQAc14
1514026,Buddy,2026-08-28,6.4265,0.0,0,"[27, 35]","Remember BUDDY—the bright orange unicorn and star of that classic childrens' television show who brought joy and life lessons into your living room?  Inside the colorful world of ""It's Buddy!"", a group of children spend their days singing, dancing, and helping Buddy spread happiness. But when one child refuses to play along, Buddy is not pleased and cracks begin to appear in this seemingly perfect world.",2026-08-21T06:47:18.389288,,,,
1307247,OK! Madam: Bon Voyage,2026-08-12,3.8585,0.0,0,"[28, 35]",A family involved in a high-altitude plane rescue mission becomes embroiled in unpredictable events when they receive a mysterious invitation to a luxury cruise ship.,2026-08-21T06:47:18.389291,,,,
11782,Hard Boiled,1992-04-16,6.4758,7.528,971,"[28, 53, 80]",A cop who loses his partner in a shoot-out with gun smugglers goes on a mission to catch them. In order to get closer to the leaders of the ring he joins forces with an undercover cop who's working as a gangster hitman. They use all means of excessive force to find them.,2026-08-21T06:47:18.389293,N_XBwks_MB8,Official Trailer [Subtitled],Trailer,https://www.youtube.com/watch?v=N_XBwks_MB8
1339588,Finding Emily,2026-05-21,5.0727,6.9,35,"[10749, 35]","When a lovesick musician is given the wrong number for his dream girl, he teams up with a driven psychology student to find her. Together, they spark a hilarious campus-wide frenzy that tests their own hearts and ambitions along the way.",2026-08-21T06:47:18.389296,-OGuJf70S0s,Official Trailer,Trailer,https://www.youtube.com/watch?v=-OGuJf70S0s
539745,Animal Farm,2026-04-30,5.029,6.374,107,"[16, 35, 18, 10751, 878]","A group of farm animals rise up against their neglectful owner, dreaming of equality and freedom. But as the pigs take control, the revolution turns into tyranny, with truth rewritten and dissent crushed.",2026-08-21T06:47:18.389299,X1b6_699HqY,Official UK Trailer 2,Trailer,https://www.youtube.com/watch?v=X1b6_699HqY
1375441,Primetime,2026-09-11,5.491,0.0,0,"[80, 18, 53]","In 2006, To Catch a Predator host Chris Hansen sets out to make television history.",2026-08-21T06:47:18.389301,5fHXyqQOKL8,Official Trailer,Trailer,https://www.youtube.com/watch?v=5fHXyqQOKL8
